scenario,name,class,sim_speed_kmh,sim_peak_g,sim_dv_true_mps,sim_peak_dps,sim_candidate_s,data_peak_g_mean,data_peak_g_std,data_peak_dps_mean,data_peak_dps_std,data_dv_est_peak_mps_mean,data_dv_est_peak_mps_std,data_dv_true_peak_mps_mean,data_dv_true_peak_mps_std,data_dv_rmse_mps_mean,data_dv_rmse_mps_std,data_bank_mae_deg_mean,data_bank_mae_deg_std,data_sensor_latency_ms_mean,data_sensor_latency_ms_std,candidate_count
A1,정지 승용차 측면 직각 충돌,accident,48,203.7,15.02,1437,1.55,22.14775765522932,0.027321514770366737,1437.6219801872294,10.455227721546876,8.4060220280015,0.5134267437874466,15.129233285716623,0.7195149040777952,1.1661655601100303,0.03834883709866779,0.20175301925906206,0.11753628488524004,121.46634407920462,4.970873308555128,5
A2,주행 승용차 측면 직각 충돌,accident,48,200.8,13.83,1520,1.56,22.14076513483006,0.5672692432868552,1511.4147152185565,23.711168379798966,6.915351750350348,0.5286783711816334,13.550904704159384,0.6582462364590939,1.114163631748166,0.068411756862473,0.2409757530603928,0.13923749929248222,141.03942449123457,8.622446586571224,5
A3,주행 승용차 측면 45도 충돌,accident,48,143.5,10.44,1016,1.561,21.80774023003404,0.7951721027419028,1016.4391030457475,19.311664158908727,6.200365831192891,0.3987721211192318,10.681911557533649,0.5513737864709217,0.7273755440216153,0.14519678370145264,0.17155616249278807,0.12535438391548492,147.1554945740254,0.4311457266420249,5
A4,주행 승용차 측면 135도 충돌,accident,48,240.8,13.28,2755,1.55,26.69685460310767,0.07438126795207109,2166.1724569973444,7.6640924763244875,5.517128989946168,0.6216261887496656,13.19861315243383,0.6827458307774517,1.316855710641485,0.07906018173954218,2.3684132184828135,0.3627719974550012,147.34981200875356,0.4906217038047586,5
A5,승용차와 사선 정면충돌,accident,48,133.9,13.88,1872,1.536,19.815615830255236,2.998893567792737,1850.0244161461444,64.04895953491494,9.554254638721742,0.7459772235039842,13.95283277563431,0.6430757137366133,0.7081281206058214,0.12751729899177333,0.18121235064993307,0.17440242140701787,111.7100001479574,3.7590006204944983,5
A6,정지 이륜차 측면 피충돌,accident,0,131.1,9.25,1386,1.528,21.476800976246658,0.8313257238788934,1363.7317375879738,35.33534967039906,5.037835496692335,0.1599340610186053,8.829207258407752,0.19910635172573907,0.5165781271459379,0.1464625454666747,0.16027115176998014,0.04272357921019078,148.04631112837777,0.13256572412184287,5
A7,전면 모서리 오프셋 충돌,accident,48,28.5,10.59,1595,1.554,16.838419310398127,0.3738518003277677,1603.7073415888176,58.781168209489365,9.600015724157597,0.21048402707386768,10.519983908713876,0.2714951130223118,0.13428655865129813,0.0173102361322156,0.2709453337697326,0.22068070825949285,112.07242170625447,1.8544313556493248,5
B1,좌회전 차량 진로 차단,accident,40,145.6,12.06,1710,1.565,20.898106260814103,1.4659649725071886,1708.2805380902093,13.973454674701046,6.882660854171644,0.6023663565621861,11.62493034737535,0.5406540788879352,0.6809673648851001,0.18198646581283565,0.25118704557724075,0.12866368868583847,136.8770612337852,9.70625898255576,5
B2,정차 차량 후미 추돌,accident,30,56.8,7.5,1075,1.571,18.86373487568354,1.6695538137206642,1080.2927711402347,23.03269399015379,4.790142517837986,0.5985388317254404,7.577817150602279,0.11983691416562899,0.3397073319550664,0.16669470045197898,0.33053613609327864,0.16879078916296517,144.64649414256036,0.32745294709088374,5
B3,신호 대기 중 후방 피추돌,accident,0,22.1,6.86,1003,1.526,16.56207811077588,0.2704326592452325,1001.2440231573437,29.307711515912963,6.392283617180754,0.1677118466512073,6.635788337445751,0.1762300690715501,0.056317588330898526,0.006587003104917893,0.21285283289801163,0.15523235563554622,144.2610734255658,0.3609688091854749,5
B4,주차 차량 도어링,accident,30,85.1,7.96,1469,1.545,21.264392752294338,1.5091900691806135,1461.2561405938764,20.166941396601885,3.3713819748097658,0.18846246316585796,7.912813532771248,0.32638790735417117,0.8026171175008112,0.025021733392448352,0.24586775568757457,0.1218310360631871,144.61227897550987,0.300897248029655,5
B5,차로 변경 차량 측면 스침,boundary,30,1.9,0.83,136,,1.9362847581947435,0.04694756093194198,135.6223142331201,1.6182632128319643,0.8572345635154281,0.020402772268252007,0.8659887420019258,0.03022305452883634,0.010600973746634854,0.005016273869937187,0.07552555417781145,0.04720055530766289,,,0
C1,저마찰 패치 로우사이드,accident,30,47.1,7.7,1360,3.981,18.622352828825093,1.6780516596413748,1373.390310424144,24.545608018355633,5.76468571502722,0.3181753674675193,7.689266089082996,0.4070750172034346,0.306131086024109,0.07018566022610671,0.16904049807383997,0.046512273383839946,144.1117267477968,0.20176467537089526,5
C2,커브 과속 발판 접지 전도,accident,40,44.2,6.46,1497,1.932,18.314916623499066,1.4392620504944647,1495.0975941956945,25.75814686975199,4.745159536812431,0.1797759430124378,6.571477725141657,0.2649368464826059,0.21031903600159754,0.07214676759545614,0.27341608469231693,0.2420235761796471,144.75462622653419,0.33823367141270455,5
C3,젖은 노면 제동 앞바퀴 잠김,accident,40,60.2,8.47,1650,2.433,19.767276945162394,1.9238246396661032,1632.1585868580532,35.17307781391301,3.84867966310303,2.5040188580348386,8.25184399271264,0.45462072255255354,0.2974321361051819,0.23736209486706167,0.26477917817566665,0.2271843047751465,143.87118292645286,0.5180464874105695,5
C4,선회 중 급제동,accident,30,25.7,4.96,1241,4.279,17.108066069909736,0.4949524996445917,1244.902496172093,28.668473448168744,4.547806219751061,0.22737067325216256,4.992376831481828,0.23852753037667745,0.0838719614675392,0.007490339349777132,0.227785457469818,0.12559270543191878,145.73446579215226,0.4684723868029729,5
C5,하이사이드 시도 미재현,unrealized,30,2.2,1.2,277,,2.154691842693686,0.04798424360578295,278.79321624683024,5.1230303851271595,1.1549221599994894,0.040725929772521596,1.1695154568490147,0.04498099104141165,0.010580375159644138,0.004513179289158646,0.21136670396051951,0.09367665290580257,,,0
C6,연석 비스듬히 충돌,accident,25,51.6,7.65,1547,1.722,18.83588966873637,0.833420194853558,1561.6341665188834,42.5751694152111,5.082813078294302,0.601793049777919,7.637450282876252,0.27564269183189805,0.2651666361826569,0.13981643377303574,0.3868781707616966,0.20827839975701876,144.19808766989908,0.39793350806429456,5
C7,볼라드 전신주 정면 충돌,accident,30,73.6,7.74,1309,1.571,20.328697539636966,1.8231043130634623,1319.6829853311021,35.047401302055654,3.9607187738521765,0.21676349763994177,7.629148784757199,0.206938382501229,0.6246865556249389,0.02149443315406501,0.19339061734700097,0.08347139642306785,144.6068353911326,0.31710801901120717,5
C9,저속 균형 상실 전도,boundary,5,17.4,5.62,1050,1.115,15.837786779682528,0.2595502037624128,1051.8658924913514,11.732036044536649,5.2152801667525654,0.44253941750125675,5.460422083043105,0.22642801638621765,0.030713879910249774,0.005493113362718541,0.1880187894791056,0.08724372747385725,145.5541247518995,0.3164490352692976,5
D1,정속 직진,normal,30,1.0,0.01,1,,1.023219065646554,0.010088444548886341,1.5723091809193832,0.10755065475729901,0.014324553887561004,0.006252600039041337,0.009899635334409046,0.00033499579323397665,0.009950403001275625,0.007114991518658678,0.2815541289973608,0.1470441020667367,,,0
D2,방지턱 통과,normal,20,1.5,0.76,101,,1.5148554668754002,0.016107251009068294,101.22019443681111,2.061315163750402,0.7439478969225093,0.03577694881110319,0.7561282117461586,0.03805185967715127,0.01186766457665909,0.008677875694231542,0.1232692023602664,0.029909905092442436,,,0
D3,방지턱 과속 통과,normal,40,2.5,1.61,108,,2.4679371790852445,0.0470914385247967,107.34245750679085,3.8887429604236985,1.558381372345457,0.08703939385497252,1.569533336255891,0.08940227314914267,0.015547059561082602,0.005338704891632217,0.1270735128540931,0.15204158924315822,,,0
D4,ABS 급제동,normal,40,1.8,1.8,162,,1.843743249394763,0.01570877521799491,162.64672999150653,2.5495602116701788,1.545806601565492,0.5383136354078714,1.8168974168139933,0.05298313337812525,0.02236155770538262,0.005030146185596174,0.14858255541385665,0.08427319853469051,,,0
D5,정상 선회,normal,30,1.1,0.57,31,,1.0959445248694177,0.011917301778197506,27.58522671344499,0.4370757134793392,0.23347073963593273,0.006793723517170596,0.5624074003950299,0.01023744172284453,0.326354607411234,0.015363969130330658,14.98423329691784,0.29682907098797134,,,0
D6,연석 오르내리기,normal,10,3.5,2.39,314,,3.5059222701104877,0.04705738030287558,308.15871862759326,6.152490325724708,2.372778461734319,0.10866019713163635,2.416325316233041,0.08955569921192807,0.015153911198045534,0.002592779562426562,0.10281243955881673,0.03799426743998663,,,0
D7,요철 노면 연속 주행,normal,30,2.7,0.44,70,,2.6696364002947566,0.0824198186553996,70.07434696659467,0.9954698108676168,0.44912740346307045,0.025867267844109667,0.44932846681275274,0.022721415245394675,0.01298430029683377,0.00903191316039671,0.17965194957535266,0.11744951854996258,,,0
D8,가감속 반복,normal,30,1.2,0.81,84,,1.213682737342369,0.023337148127813182,85.06163851683289,1.575762284491303,0.7276586370579637,0.037147164074673084,0.7875786547639259,0.035092971095696375,0.041801933474645656,0.009350595268453601,0.1774114961050362,0.1721266415933928,,,0
D9,저속 유턴,normal,10,1.0,0.41,67,,1.0577538883674173,0.010562013762153433,67.9395734666899,2.015303289243684,0.3304755696624828,0.024553387452560332,0.41468729440409413,0.015721543312528466,0.043450262229664895,0.008602650251102368,0.23229573464819842,0.1705175880661582,,,0
