status,scenario,name,class,planned_repeat_slot,sim_peak_g,sim_peak_dps,sim_dv_true_mps,data_peak_g_mean,data_peak_g_std,data_peak_dps_mean,data_dv_est_peak_mps_mean,actual_board_id,actual_firmware_version,actual_placement_and_axis_mapping,actual_mounting_method,actual_device_mass_g,actual_accel_range_g,actual_gyro_range_dps,actual_dlpf_cfg,actual_nominal_sample_rate_hz,actual_duration_s,actual_samples_expected,actual_samples_received,actual_missing_count,actual_fifo_overflow_count,actual_median_dt_ms,actual_p99_dt_ms,actual_temperature_c,actual_peak_acc_norm_g,actual_peak_gyro_norm_dps,actual_acc_near_rail_samples,actual_gyro_near_rail_samples,actual_delta_v_est_peak_mps,actual_independent_reference_method,actual_reference_delta_v_peak_mps,actual_delta_v_rmse_mps,actual_bank_mae_deg,actual_candidate_detected,actual_external_event_definition,actual_external_event_time_s,actual_first_candidate_time_s,actual_sensor_latency_ms,actual_receiver_latency_ms,actual_notes,actual_run_id,actual_date
UNFILLED_ACTUAL_MEASUREMENT,A1,정지 승용차 측면 직각 충돌,accident,1,203.7,1437,15.02,22.14775765522932,0.0273215147703667,1437.6219801872294,8.4060220280015,,,,,,,,,,,,,,,,,,,,,,,,,,,,,,,,,,,
UNFILLED_ACTUAL_MEASUREMENT,A1,정지 승용차 측면 직각 충돌,accident,2,203.7,1437,15.02,22.14775765522932,0.0273215147703667,1437.6219801872294,8.4060220280015,,,,,,,,,,,,,,,,,,,,,,,,,,,,,,,,,,,
UNFILLED_ACTUAL_MEASUREMENT,A1,정지 승용차 측면 직각 충돌,accident,3,203.7,1437,15.02,22.14775765522932,0.0273215147703667,1437.6219801872294,8.4060220280015,,,,,,,,,,,,,,,,,,,,,,,,,,,,,,,,,,,
UNFILLED_ACTUAL_MEASUREMENT,A1,정지 승용차 측면 직각 충돌,accident,4,203.7,1437,15.02,22.14775765522932,0.0273215147703667,1437.6219801872294,8.4060220280015,,,,,,,,,,,,,,,,,,,,,,,,,,,,,,,,,,,
UNFILLED_ACTUAL_MEASUREMENT,A1,정지 승용차 측면 직각 충돌,accident,5,203.7,1437,15.02,22.14775765522932,0.0273215147703667,1437.6219801872294,8.4060220280015,,,,,,,,,,,,,,,,,,,,,,,,,,,,,,,,,,,
UNFILLED_ACTUAL_MEASUREMENT,A2,주행 승용차 측면 직각 충돌,accident,1,200.8,1520,13.83,22.14076513483006,0.5672692432868552,1511.4147152185565,6.915351750350348,,,,,,,,,,,,,,,,,,,,,,,,,,,,,,,,,,,
UNFILLED_ACTUAL_MEASUREMENT,A2,주행 승용차 측면 직각 충돌,accident,2,200.8,1520,13.83,22.14076513483006,0.5672692432868552,1511.4147152185565,6.915351750350348,,,,,,,,,,,,,,,,,,,,,,,,,,,,,,,,,,,
UNFILLED_ACTUAL_MEASUREMENT,A2,주행 승용차 측면 직각 충돌,accident,3,200.8,1520,13.83,22.14076513483006,0.5672692432868552,1511.4147152185565,6.915351750350348,,,,,,,,,,,,,,,,,,,,,,,,,,,,,,,,,,,
UNFILLED_ACTUAL_MEASUREMENT,A2,주행 승용차 측면 직각 충돌,accident,4,200.8,1520,13.83,22.14076513483006,0.5672692432868552,1511.4147152185565,6.915351750350348,,,,,,,,,,,,,,,,,,,,,,,,,,,,,,,,,,,
UNFILLED_ACTUAL_MEASUREMENT,A2,주행 승용차 측면 직각 충돌,accident,5,200.8,1520,13.83,22.14076513483006,0.5672692432868552,1511.4147152185565,6.915351750350348,,,,,,,,,,,,,,,,,,,,,,,,,,,,,,,,,,,
UNFILLED_ACTUAL_MEASUREMENT,A3,주행 승용차 측면 45도 충돌,accident,1,143.5,1016,10.44,21.80774023003404,0.7951721027419028,1016.4391030457476,6.200365831192891,,,,,,,,,,,,,,,,,,,,,,,,,,,,,,,,,,,
UNFILLED_ACTUAL_MEASUREMENT,A3,주행 승용차 측면 45도 충돌,accident,2,143.5,1016,10.44,21.80774023003404,0.7951721027419028,1016.4391030457476,6.200365831192891,,,,,,,,,,,,,,,,,,,,,,,,,,,,,,,,,,,
UNFILLED_ACTUAL_MEASUREMENT,A3,주행 승용차 측면 45도 충돌,accident,3,143.5,1016,10.44,21.80774023003404,0.7951721027419028,1016.4391030457476,6.200365831192891,,,,,,,,,,,,,,,,,,,,,,,,,,,,,,,,,,,
UNFILLED_ACTUAL_MEASUREMENT,A3,주행 승용차 측면 45도 충돌,accident,4,143.5,1016,10.44,21.80774023003404,0.7951721027419028,1016.4391030457476,6.200365831192891,,,,,,,,,,,,,,,,,,,,,,,,,,,,,,,,,,,
UNFILLED_ACTUAL_MEASUREMENT,A3,주행 승용차 측면 45도 충돌,accident,5,143.5,1016,10.44,21.80774023003404,0.7951721027419028,1016.4391030457476,6.200365831192891,,,,,,,,,,,,,,,,,,,,,,,,,,,,,,,,,,,
UNFILLED_ACTUAL_MEASUREMENT,A4,주행 승용차 측면 135도 충돌,accident,1,240.8,2755,13.28,26.69685460310767,0.074381267952071,2166.1724569973444,5.517128989946168,,,,,,,,,,,,,,,,,,,,,,,,,,,,,,,,,,,
UNFILLED_ACTUAL_MEASUREMENT,A4,주행 승용차 측면 135도 충돌,accident,2,240.8,2755,13.28,26.69685460310767,0.074381267952071,2166.1724569973444,5.517128989946168,,,,,,,,,,,,,,,,,,,,,,,,,,,,,,,,,,,
UNFILLED_ACTUAL_MEASUREMENT,A4,주행 승용차 측면 135도 충돌,accident,3,240.8,2755,13.28,26.69685460310767,0.074381267952071,2166.1724569973444,5.517128989946168,,,,,,,,,,,,,,,,,,,,,,,,,,,,,,,,,,,
UNFILLED_ACTUAL_MEASUREMENT,A4,주행 승용차 측면 135도 충돌,accident,4,240.8,2755,13.28,26.69685460310767,0.074381267952071,2166.1724569973444,5.517128989946168,,,,,,,,,,,,,,,,,,,,,,,,,,,,,,,,,,,
UNFILLED_ACTUAL_MEASUREMENT,A4,주행 승용차 측면 135도 충돌,accident,5,240.8,2755,13.28,26.69685460310767,0.074381267952071,2166.1724569973444,5.517128989946168,,,,,,,,,,,,,,,,,,,,,,,,,,,,,,,,,,,
UNFILLED_ACTUAL_MEASUREMENT,A5,승용차와 사선 정면충돌,accident,1,133.9,1872,13.88,19.81561583025524,2.998893567792737,1850.0244161461444,9.554254638721742,,,,,,,,,,,,,,,,,,,,,,,,,,,,,,,,,,,
UNFILLED_ACTUAL_MEASUREMENT,A5,승용차와 사선 정면충돌,accident,2,133.9,1872,13.88,19.81561583025524,2.998893567792737,1850.0244161461444,9.554254638721742,,,,,,,,,,,,,,,,,,,,,,,,,,,,,,,,,,,
UNFILLED_ACTUAL_MEASUREMENT,A5,승용차와 사선 정면충돌,accident,3,133.9,1872,13.88,19.81561583025524,2.998893567792737,1850.0244161461444,9.554254638721742,,,,,,,,,,,,,,,,,,,,,,,,,,,,,,,,,,,
UNFILLED_ACTUAL_MEASUREMENT,A5,승용차와 사선 정면충돌,accident,4,133.9,1872,13.88,19.81561583025524,2.998893567792737,1850.0244161461444,9.554254638721742,,,,,,,,,,,,,,,,,,,,,,,,,,,,,,,,,,,
UNFILLED_ACTUAL_MEASUREMENT,A5,승용차와 사선 정면충돌,accident,5,133.9,1872,13.88,19.81561583025524,2.998893567792737,1850.0244161461444,9.554254638721742,,,,,,,,,,,,,,,,,,,,,,,,,,,,,,,,,,,
UNFILLED_ACTUAL_MEASUREMENT,A6,정지 이륜차 측면 피충돌,accident,1,131.1,1386,9.25,21.476800976246658,0.8313257238788934,1363.7317375879738,5.037835496692335,,,,,,,,,,,,,,,,,,,,,,,,,,,,,,,,,,,
UNFILLED_ACTUAL_MEASUREMENT,A6,정지 이륜차 측면 피충돌,accident,2,131.1,1386,9.25,21.476800976246658,0.8313257238788934,1363.7317375879738,5.037835496692335,,,,,,,,,,,,,,,,,,,,,,,,,,,,,,,,,,,
UNFILLED_ACTUAL_MEASUREMENT,A6,정지 이륜차 측면 피충돌,accident,3,131.1,1386,9.25,21.476800976246658,0.8313257238788934,1363.7317375879738,5.037835496692335,,,,,,,,,,,,,,,,,,,,,,,,,,,,,,,,,,,
UNFILLED_ACTUAL_MEASUREMENT,A6,정지 이륜차 측면 피충돌,accident,4,131.1,1386,9.25,21.476800976246658,0.8313257238788934,1363.7317375879738,5.037835496692335,,,,,,,,,,,,,,,,,,,,,,,,,,,,,,,,,,,
UNFILLED_ACTUAL_MEASUREMENT,A6,정지 이륜차 측면 피충돌,accident,5,131.1,1386,9.25,21.476800976246658,0.8313257238788934,1363.7317375879738,5.037835496692335,,,,,,,,,,,,,,,,,,,,,,,,,,,,,,,,,,,
UNFILLED_ACTUAL_MEASUREMENT,A7,전면 모서리 오프셋 충돌,accident,1,28.5,1595,10.59,16.838419310398127,0.3738518003277677,1603.7073415888176,9.600015724157595,,,,,,,,,,,,,,,,,,,,,,,,,,,,,,,,,,,
UNFILLED_ACTUAL_MEASUREMENT,A7,전면 모서리 오프셋 충돌,accident,2,28.5,1595,10.59,16.838419310398127,0.3738518003277677,1603.7073415888176,9.600015724157595,,,,,,,,,,,,,,,,,,,,,,,,,,,,,,,,,,,
UNFILLED_ACTUAL_MEASUREMENT,A7,전면 모서리 오프셋 충돌,accident,3,28.5,1595,10.59,16.838419310398127,0.3738518003277677,1603.7073415888176,9.600015724157595,,,,,,,,,,,,,,,,,,,,,,,,,,,,,,,,,,,
UNFILLED_ACTUAL_MEASUREMENT,A7,전면 모서리 오프셋 충돌,accident,4,28.5,1595,10.59,16.838419310398127,0.3738518003277677,1603.7073415888176,9.600015724157595,,,,,,,,,,,,,,,,,,,,,,,,,,,,,,,,,,,
UNFILLED_ACTUAL_MEASUREMENT,A7,전면 모서리 오프셋 충돌,accident,5,28.5,1595,10.59,16.838419310398127,0.3738518003277677,1603.7073415888176,9.600015724157595,,,,,,,,,,,,,,,,,,,,,,,,,,,,,,,,,,,
UNFILLED_ACTUAL_MEASUREMENT,B1,좌회전 차량 진로 차단,accident,1,145.6,1710,12.06,20.898106260814103,1.4659649725071886,1708.2805380902091,6.882660854171644,,,,,,,,,,,,,,,,,,,,,,,,,,,,,,,,,,,
UNFILLED_ACTUAL_MEASUREMENT,B1,좌회전 차량 진로 차단,accident,2,145.6,1710,12.06,20.898106260814103,1.4659649725071886,1708.2805380902091,6.882660854171644,,,,,,,,,,,,,,,,,,,,,,,,,,,,,,,,,,,
UNFILLED_ACTUAL_MEASUREMENT,B1,좌회전 차량 진로 차단,accident,3,145.6,1710,12.06,20.898106260814103,1.4659649725071886,1708.2805380902091,6.882660854171644,,,,,,,,,,,,,,,,,,,,,,,,,,,,,,,,,,,
UNFILLED_ACTUAL_MEASUREMENT,B1,좌회전 차량 진로 차단,accident,4,145.6,1710,12.06,20.898106260814103,1.4659649725071886,1708.2805380902091,6.882660854171644,,,,,,,,,,,,,,,,,,,,,,,,,,,,,,,,,,,
UNFILLED_ACTUAL_MEASUREMENT,B1,좌회전 차량 진로 차단,accident,5,145.6,1710,12.06,20.898106260814103,1.4659649725071886,1708.2805380902091,6.882660854171644,,,,,,,,,,,,,,,,,,,,,,,,,,,,,,,,,,,
UNFILLED_ACTUAL_MEASUREMENT,B2,정차 차량 후미 추돌,accident,1,56.8,1075,7.5,18.86373487568354,1.6695538137206642,1080.292771140235,4.790142517837986,,,,,,,,,,,,,,,,,,,,,,,,,,,,,,,,,,,
UNFILLED_ACTUAL_MEASUREMENT,B2,정차 차량 후미 추돌,accident,2,56.8,1075,7.5,18.86373487568354,1.6695538137206642,1080.292771140235,4.790142517837986,,,,,,,,,,,,,,,,,,,,,,,,,,,,,,,,,,,
UNFILLED_ACTUAL_MEASUREMENT,B2,정차 차량 후미 추돌,accident,3,56.8,1075,7.5,18.86373487568354,1.6695538137206642,1080.292771140235,4.790142517837986,,,,,,,,,,,,,,,,,,,,,,,,,,,,,,,,,,,
UNFILLED_ACTUAL_MEASUREMENT,B2,정차 차량 후미 추돌,accident,4,56.8,1075,7.5,18.86373487568354,1.6695538137206642,1080.292771140235,4.790142517837986,,,,,,,,,,,,,,,,,,,,,,,,,,,,,,,,,,,
UNFILLED_ACTUAL_MEASUREMENT,B2,정차 차량 후미 추돌,accident,5,56.8,1075,7.5,18.86373487568354,1.6695538137206642,1080.292771140235,4.790142517837986,,,,,,,,,,,,,,,,,,,,,,,,,,,,,,,,,,,
UNFILLED_ACTUAL_MEASUREMENT,B3,신호 대기 중 후방 피추돌,accident,1,22.1,1003,6.86,16.56207811077588,0.2704326592452325,1001.2440231573436,6.392283617180754,,,,,,,,,,,,,,,,,,,,,,,,,,,,,,,,,,,
UNFILLED_ACTUAL_MEASUREMENT,B3,신호 대기 중 후방 피추돌,accident,2,22.1,1003,6.86,16.56207811077588,0.2704326592452325,1001.2440231573436,6.392283617180754,,,,,,,,,,,,,,,,,,,,,,,,,,,,,,,,,,,
UNFILLED_ACTUAL_MEASUREMENT,B3,신호 대기 중 후방 피추돌,accident,3,22.1,1003,6.86,16.56207811077588,0.2704326592452325,1001.2440231573436,6.392283617180754,,,,,,,,,,,,,,,,,,,,,,,,,,,,,,,,,,,
UNFILLED_ACTUAL_MEASUREMENT,B3,신호 대기 중 후방 피추돌,accident,4,22.1,1003,6.86,16.56207811077588,0.2704326592452325,1001.2440231573436,6.392283617180754,,,,,,,,,,,,,,,,,,,,,,,,,,,,,,,,,,,
UNFILLED_ACTUAL_MEASUREMENT,B3,신호 대기 중 후방 피추돌,accident,5,22.1,1003,6.86,16.56207811077588,0.2704326592452325,1001.2440231573436,6.392283617180754,,,,,,,,,,,,,,,,,,,,,,,,,,,,,,,,,,,
UNFILLED_ACTUAL_MEASUREMENT,B4,주차 차량 도어링,accident,1,85.1,1469,7.96,21.264392752294334,1.5091900691806135,1461.2561405938764,3.3713819748097658,,,,,,,,,,,,,,,,,,,,,,,,,,,,,,,,,,,
UNFILLED_ACTUAL_MEASUREMENT,B4,주차 차량 도어링,accident,2,85.1,1469,7.96,21.264392752294334,1.5091900691806135,1461.2561405938764,3.3713819748097658,,,,,,,,,,,,,,,,,,,,,,,,,,,,,,,,,,,
UNFILLED_ACTUAL_MEASUREMENT,B4,주차 차량 도어링,accident,3,85.1,1469,7.96,21.264392752294334,1.5091900691806135,1461.2561405938764,3.3713819748097658,,,,,,,,,,,,,,,,,,,,,,,,,,,,,,,,,,,
UNFILLED_ACTUAL_MEASUREMENT,B4,주차 차량 도어링,accident,4,85.1,1469,7.96,21.264392752294334,1.5091900691806135,1461.2561405938764,3.3713819748097658,,,,,,,,,,,,,,,,,,,,,,,,,,,,,,,,,,,
UNFILLED_ACTUAL_MEASUREMENT,B4,주차 차량 도어링,accident,5,85.1,1469,7.96,21.264392752294334,1.5091900691806135,1461.2561405938764,3.3713819748097658,,,,,,,,,,,,,,,,,,,,,,,,,,,,,,,,,,,
UNFILLED_ACTUAL_MEASUREMENT,B5,차로 변경 차량 측면 스침,boundary,1,1.9,136,0.83,1.9362847581947435,0.0469475609319419,135.6223142331201,0.8572345635154281,,,,,,,,,,,,,,,,,,,,,,,,,,,,,,,,,,,
UNFILLED_ACTUAL_MEASUREMENT,B5,차로 변경 차량 측면 스침,boundary,2,1.9,136,0.83,1.9362847581947435,0.0469475609319419,135.6223142331201,0.8572345635154281,,,,,,,,,,,,,,,,,,,,,,,,,,,,,,,,,,,
UNFILLED_ACTUAL_MEASUREMENT,B5,차로 변경 차량 측면 스침,boundary,3,1.9,136,0.83,1.9362847581947435,0.0469475609319419,135.6223142331201,0.8572345635154281,,,,,,,,,,,,,,,,,,,,,,,,,,,,,,,,,,,
UNFILLED_ACTUAL_MEASUREMENT,B5,차로 변경 차량 측면 스침,boundary,4,1.9,136,0.83,1.9362847581947435,0.0469475609319419,135.6223142331201,0.8572345635154281,,,,,,,,,,,,,,,,,,,,,,,,,,,,,,,,,,,
UNFILLED_ACTUAL_MEASUREMENT,B5,차로 변경 차량 측면 스침,boundary,5,1.9,136,0.83,1.9362847581947435,0.0469475609319419,135.6223142331201,0.8572345635154281,,,,,,,,,,,,,,,,,,,,,,,,,,,,,,,,,,,
UNFILLED_ACTUAL_MEASUREMENT,C1,저마찰 패치 로우사이드,accident,1,47.1,1360,7.7,18.622352828825093,1.6780516596413748,1373.390310424144,5.76468571502722,,,,,,,,,,,,,,,,,,,,,,,,,,,,,,,,,,,
UNFILLED_ACTUAL_MEASUREMENT,C1,저마찰 패치 로우사이드,accident,2,47.1,1360,7.7,18.622352828825093,1.6780516596413748,1373.390310424144,5.76468571502722,,,,,,,,,,,,,,,,,,,,,,,,,,,,,,,,,,,
UNFILLED_ACTUAL_MEASUREMENT,C1,저마찰 패치 로우사이드,accident,3,47.1,1360,7.7,18.622352828825093,1.6780516596413748,1373.390310424144,5.76468571502722,,,,,,,,,,,,,,,,,,,,,,,,,,,,,,,,,,,
UNFILLED_ACTUAL_MEASUREMENT,C1,저마찰 패치 로우사이드,accident,4,47.1,1360,7.7,18.622352828825093,1.6780516596413748,1373.390310424144,5.76468571502722,,,,,,,,,,,,,,,,,,,,,,,,,,,,,,,,,,,
UNFILLED_ACTUAL_MEASUREMENT,C1,저마찰 패치 로우사이드,accident,5,47.1,1360,7.7,18.622352828825093,1.6780516596413748,1373.390310424144,5.76468571502722,,,,,,,,,,,,,,,,,,,,,,,,,,,,,,,,,,,
UNFILLED_ACTUAL_MEASUREMENT,C2,커브 과속 발판 접지 전도,accident,1,44.2,1497,6.46,18.314916623499062,1.4392620504944649,1495.0975941956945,4.745159536812431,,,,,,,,,,,,,,,,,,,,,,,,,,,,,,,,,,,
UNFILLED_ACTUAL_MEASUREMENT,C2,커브 과속 발판 접지 전도,accident,2,44.2,1497,6.46,18.314916623499062,1.4392620504944649,1495.0975941956945,4.745159536812431,,,,,,,,,,,,,,,,,,,,,,,,,,,,,,,,,,,
UNFILLED_ACTUAL_MEASUREMENT,C2,커브 과속 발판 접지 전도,accident,3,44.2,1497,6.46,18.314916623499062,1.4392620504944649,1495.0975941956945,4.745159536812431,,,,,,,,,,,,,,,,,,,,,,,,,,,,,,,,,,,
UNFILLED_ACTUAL_MEASUREMENT,C2,커브 과속 발판 접지 전도,accident,4,44.2,1497,6.46,18.314916623499062,1.4392620504944649,1495.0975941956945,4.745159536812431,,,,,,,,,,,,,,,,,,,,,,,,,,,,,,,,,,,
UNFILLED_ACTUAL_MEASUREMENT,C2,커브 과속 발판 접지 전도,accident,5,44.2,1497,6.46,18.314916623499062,1.4392620504944649,1495.0975941956945,4.745159536812431,,,,,,,,,,,,,,,,,,,,,,,,,,,,,,,,,,,
UNFILLED_ACTUAL_MEASUREMENT,C3,젖은 노면 제동 앞바퀴 잠김,accident,1,60.2,1650,8.47,19.767276945162397,1.9238246396661032,1632.1585868580532,3.84867966310303,,,,,,,,,,,,,,,,,,,,,,,,,,,,,,,,,,,
UNFILLED_ACTUAL_MEASUREMENT,C3,젖은 노면 제동 앞바퀴 잠김,accident,2,60.2,1650,8.47,19.767276945162397,1.9238246396661032,1632.1585868580532,3.84867966310303,,,,,,,,,,,,,,,,,,,,,,,,,,,,,,,,,,,
UNFILLED_ACTUAL_MEASUREMENT,C3,젖은 노면 제동 앞바퀴 잠김,accident,3,60.2,1650,8.47,19.767276945162397,1.9238246396661032,1632.1585868580532,3.84867966310303,,,,,,,,,,,,,,,,,,,,,,,,,,,,,,,,,,,
UNFILLED_ACTUAL_MEASUREMENT,C3,젖은 노면 제동 앞바퀴 잠김,accident,4,60.2,1650,8.47,19.767276945162397,1.9238246396661032,1632.1585868580532,3.84867966310303,,,,,,,,,,,,,,,,,,,,,,,,,,,,,,,,,,,
UNFILLED_ACTUAL_MEASUREMENT,C3,젖은 노면 제동 앞바퀴 잠김,accident,5,60.2,1650,8.47,19.767276945162397,1.9238246396661032,1632.1585868580532,3.84867966310303,,,,,,,,,,,,,,,,,,,,,,,,,,,,,,,,,,,
UNFILLED_ACTUAL_MEASUREMENT,C4,선회 중 급제동,accident,1,25.7,1241,4.96,17.108066069909736,0.4949524996445917,1244.902496172093,4.547806219751061,,,,,,,,,,,,,,,,,,,,,,,,,,,,,,,,,,,
UNFILLED_ACTUAL_MEASUREMENT,C4,선회 중 급제동,accident,2,25.7,1241,4.96,17.108066069909736,0.4949524996445917,1244.902496172093,4.547806219751061,,,,,,,,,,,,,,,,,,,,,,,,,,,,,,,,,,,
UNFILLED_ACTUAL_MEASUREMENT,C4,선회 중 급제동,accident,3,25.7,1241,4.96,17.108066069909736,0.4949524996445917,1244.902496172093,4.547806219751061,,,,,,,,,,,,,,,,,,,,,,,,,,,,,,,,,,,
UNFILLED_ACTUAL_MEASUREMENT,C4,선회 중 급제동,accident,4,25.7,1241,4.96,17.108066069909736,0.4949524996445917,1244.902496172093,4.547806219751061,,,,,,,,,,,,,,,,,,,,,,,,,,,,,,,,,,,
UNFILLED_ACTUAL_MEASUREMENT,C4,선회 중 급제동,accident,5,25.7,1241,4.96,17.108066069909736,0.4949524996445917,1244.902496172093,4.547806219751061,,,,,,,,,,,,,,,,,,,,,,,,,,,,,,,,,,,
UNFILLED_ACTUAL_MEASUREMENT,C5,하이사이드 시도 미재현,unrealized,1,2.2,277,1.2,2.154691842693686,0.0479842436057829,278.79321624683024,1.1549221599994894,,,,,,,,,,,,,,,,,,,,,,,,,,,,,,,,,,,
UNFILLED_ACTUAL_MEASUREMENT,C5,하이사이드 시도 미재현,unrealized,2,2.2,277,1.2,2.154691842693686,0.0479842436057829,278.79321624683024,1.1549221599994894,,,,,,,,,,,,,,,,,,,,,,,,,,,,,,,,,,,
UNFILLED_ACTUAL_MEASUREMENT,C5,하이사이드 시도 미재현,unrealized,3,2.2,277,1.2,2.154691842693686,0.0479842436057829,278.79321624683024,1.1549221599994894,,,,,,,,,,,,,,,,,,,,,,,,,,,,,,,,,,,
UNFILLED_ACTUAL_MEASUREMENT,C5,하이사이드 시도 미재현,unrealized,4,2.2,277,1.2,2.154691842693686,0.0479842436057829,278.79321624683024,1.1549221599994894,,,,,,,,,,,,,,,,,,,,,,,,,,,,,,,,,,,
UNFILLED_ACTUAL_MEASUREMENT,C5,하이사이드 시도 미재현,unrealized,5,2.2,277,1.2,2.154691842693686,0.0479842436057829,278.79321624683024,1.1549221599994894,,,,,,,,,,,,,,,,,,,,,,,,,,,,,,,,,,,
UNFILLED_ACTUAL_MEASUREMENT,C6,연석 비스듬히 충돌,accident,1,51.6,1547,7.65,18.83588966873637,0.833420194853558,1561.6341665188834,5.082813078294302,,,,,,,,,,,,,,,,,,,,,,,,,,,,,,,,,,,
UNFILLED_ACTUAL_MEASUREMENT,C6,연석 비스듬히 충돌,accident,2,51.6,1547,7.65,18.83588966873637,0.833420194853558,1561.6341665188834,5.082813078294302,,,,,,,,,,,,,,,,,,,,,,,,,,,,,,,,,,,
UNFILLED_ACTUAL_MEASUREMENT,C6,연석 비스듬히 충돌,accident,3,51.6,1547,7.65,18.83588966873637,0.833420194853558,1561.6341665188834,5.082813078294302,,,,,,,,,,,,,,,,,,,,,,,,,,,,,,,,,,,
UNFILLED_ACTUAL_MEASUREMENT,C6,연석 비스듬히 충돌,accident,4,51.6,1547,7.65,18.83588966873637,0.833420194853558,1561.6341665188834,5.082813078294302,,,,,,,,,,,,,,,,,,,,,,,,,,,,,,,,,,,
UNFILLED_ACTUAL_MEASUREMENT,C6,연석 비스듬히 충돌,accident,5,51.6,1547,7.65,18.83588966873637,0.833420194853558,1561.6341665188834,5.082813078294302,,,,,,,,,,,,,,,,,,,,,,,,,,,,,,,,,,,
UNFILLED_ACTUAL_MEASUREMENT,C7,볼라드 전신주 정면 충돌,accident,1,73.6,1309,7.74,20.328697539636966,1.8231043130634623,1319.682985331102,3.960718773852177,,,,,,,,,,,,,,,,,,,,,,,,,,,,,,,,,,,
UNFILLED_ACTUAL_MEASUREMENT,C7,볼라드 전신주 정면 충돌,accident,2,73.6,1309,7.74,20.328697539636966,1.8231043130634623,1319.682985331102,3.960718773852177,,,,,,,,,,,,,,,,,,,,,,,,,,,,,,,,,,,
UNFILLED_ACTUAL_MEASUREMENT,C7,볼라드 전신주 정면 충돌,accident,3,73.6,1309,7.74,20.328697539636966,1.8231043130634623,1319.682985331102,3.960718773852177,,,,,,,,,,,,,,,,,,,,,,,,,,,,,,,,,,,
UNFILLED_ACTUAL_MEASUREMENT,C7,볼라드 전신주 정면 충돌,accident,4,73.6,1309,7.74,20.328697539636966,1.8231043130634623,1319.682985331102,3.960718773852177,,,,,,,,,,,,,,,,,,,,,,,,,,,,,,,,,,,
UNFILLED_ACTUAL_MEASUREMENT,C7,볼라드 전신주 정면 충돌,accident,5,73.6,1309,7.74,20.328697539636966,1.8231043130634623,1319.682985331102,3.960718773852177,,,,,,,,,,,,,,,,,,,,,,,,,,,,,,,,,,,
UNFILLED_ACTUAL_MEASUREMENT,C9,저속 균형 상실 전도,boundary,1,17.4,1050,5.62,15.837786779682528,0.2595502037624128,1051.8658924913514,5.215280166752565,,,,,,,,,,,,,,,,,,,,,,,,,,,,,,,,,,,
UNFILLED_ACTUAL_MEASUREMENT,C9,저속 균형 상실 전도,boundary,2,17.4,1050,5.62,15.837786779682528,0.2595502037624128,1051.8658924913514,5.215280166752565,,,,,,,,,,,,,,,,,,,,,,,,,,,,,,,,,,,
UNFILLED_ACTUAL_MEASUREMENT,C9,저속 균형 상실 전도,boundary,3,17.4,1050,5.62,15.837786779682528,0.2595502037624128,1051.8658924913514,5.215280166752565,,,,,,,,,,,,,,,,,,,,,,,,,,,,,,,,,,,
UNFILLED_ACTUAL_MEASUREMENT,C9,저속 균형 상실 전도,boundary,4,17.4,1050,5.62,15.837786779682528,0.2595502037624128,1051.8658924913514,5.215280166752565,,,,,,,,,,,,,,,,,,,,,,,,,,,,,,,,,,,
UNFILLED_ACTUAL_MEASUREMENT,C9,저속 균형 상실 전도,boundary,5,17.4,1050,5.62,15.837786779682528,0.2595502037624128,1051.8658924913514,5.215280166752565,,,,,,,,,,,,,,,,,,,,,,,,,,,,,,,,,,,
UNFILLED_ACTUAL_MEASUREMENT,D1,정속 직진,normal,1,1.0,1,0.01,1.023219065646554,0.0100884445488863,1.5723091809193832,0.014324553887561,,,,,,,,,,,,,,,,,,,,,,,,,,,,,,,,,,,
UNFILLED_ACTUAL_MEASUREMENT,D1,정속 직진,normal,2,1.0,1,0.01,1.023219065646554,0.0100884445488863,1.5723091809193832,0.014324553887561,,,,,,,,,,,,,,,,,,,,,,,,,,,,,,,,,,,
UNFILLED_ACTUAL_MEASUREMENT,D1,정속 직진,normal,3,1.0,1,0.01,1.023219065646554,0.0100884445488863,1.5723091809193832,0.014324553887561,,,,,,,,,,,,,,,,,,,,,,,,,,,,,,,,,,,
UNFILLED_ACTUAL_MEASUREMENT,D1,정속 직진,normal,4,1.0,1,0.01,1.023219065646554,0.0100884445488863,1.5723091809193832,0.014324553887561,,,,,,,,,,,,,,,,,,,,,,,,,,,,,,,,,,,
UNFILLED_ACTUAL_MEASUREMENT,D1,정속 직진,normal,5,1.0,1,0.01,1.023219065646554,0.0100884445488863,1.5723091809193832,0.014324553887561,,,,,,,,,,,,,,,,,,,,,,,,,,,,,,,,,,,
UNFILLED_ACTUAL_MEASUREMENT,D2,방지턱 통과,normal,1,1.5,101,0.76,1.5148554668754002,0.0161072510090682,101.22019443681113,0.7439478969225093,,,,,,,,,,,,,,,,,,,,,,,,,,,,,,,,,,,
UNFILLED_ACTUAL_MEASUREMENT,D2,방지턱 통과,normal,2,1.5,101,0.76,1.5148554668754002,0.0161072510090682,101.22019443681113,0.7439478969225093,,,,,,,,,,,,,,,,,,,,,,,,,,,,,,,,,,,
UNFILLED_ACTUAL_MEASUREMENT,D2,방지턱 통과,normal,3,1.5,101,0.76,1.5148554668754002,0.0161072510090682,101.22019443681113,0.7439478969225093,,,,,,,,,,,,,,,,,,,,,,,,,,,,,,,,,,,
UNFILLED_ACTUAL_MEASUREMENT,D2,방지턱 통과,normal,4,1.5,101,0.76,1.5148554668754002,0.0161072510090682,101.22019443681113,0.7439478969225093,,,,,,,,,,,,,,,,,,,,,,,,,,,,,,,,,,,
UNFILLED_ACTUAL_MEASUREMENT,D2,방지턱 통과,normal,5,1.5,101,0.76,1.5148554668754002,0.0161072510090682,101.22019443681113,0.7439478969225093,,,,,,,,,,,,,,,,,,,,,,,,,,,,,,,,,,,
UNFILLED_ACTUAL_MEASUREMENT,D3,방지턱 과속 통과,normal,1,2.5,108,1.61,2.4679371790852445,0.0470914385247967,107.34245750679084,1.558381372345457,,,,,,,,,,,,,,,,,,,,,,,,,,,,,,,,,,,
UNFILLED_ACTUAL_MEASUREMENT,D3,방지턱 과속 통과,normal,2,2.5,108,1.61,2.4679371790852445,0.0470914385247967,107.34245750679084,1.558381372345457,,,,,,,,,,,,,,,,,,,,,,,,,,,,,,,,,,,
UNFILLED_ACTUAL_MEASUREMENT,D3,방지턱 과속 통과,normal,3,2.5,108,1.61,2.4679371790852445,0.0470914385247967,107.34245750679084,1.558381372345457,,,,,,,,,,,,,,,,,,,,,,,,,,,,,,,,,,,
UNFILLED_ACTUAL_MEASUREMENT,D3,방지턱 과속 통과,normal,4,2.5,108,1.61,2.4679371790852445,0.0470914385247967,107.34245750679084,1.558381372345457,,,,,,,,,,,,,,,,,,,,,,,,,,,,,,,,,,,
UNFILLED_ACTUAL_MEASUREMENT,D3,방지턱 과속 통과,normal,5,2.5,108,1.61,2.4679371790852445,0.0470914385247967,107.34245750679084,1.558381372345457,,,,,,,,,,,,,,,,,,,,,,,,,,,,,,,,,,,
UNFILLED_ACTUAL_MEASUREMENT,D4,ABS 급제동,normal,1,1.8,162,1.8,1.843743249394763,0.0157087752179949,162.64672999150653,1.545806601565492,,,,,,,,,,,,,,,,,,,,,,,,,,,,,,,,,,,
UNFILLED_ACTUAL_MEASUREMENT,D4,ABS 급제동,normal,2,1.8,162,1.8,1.843743249394763,0.0157087752179949,162.64672999150653,1.545806601565492,,,,,,,,,,,,,,,,,,,,,,,,,,,,,,,,,,,
UNFILLED_ACTUAL_MEASUREMENT,D4,ABS 급제동,normal,3,1.8,162,1.8,1.843743249394763,0.0157087752179949,162.64672999150653,1.545806601565492,,,,,,,,,,,,,,,,,,,,,,,,,,,,,,,,,,,
UNFILLED_ACTUAL_MEASUREMENT,D4,ABS 급제동,normal,4,1.8,162,1.8,1.843743249394763,0.0157087752179949,162.64672999150653,1.545806601565492,,,,,,,,,,,,,,,,,,,,,,,,,,,,,,,,,,,
UNFILLED_ACTUAL_MEASUREMENT,D4,ABS 급제동,normal,5,1.8,162,1.8,1.843743249394763,0.0157087752179949,162.64672999150653,1.545806601565492,,,,,,,,,,,,,,,,,,,,,,,,,,,,,,,,,,,
UNFILLED_ACTUAL_MEASUREMENT,D5,정상 선회,normal,1,1.1,31,0.57,1.0959445248694175,0.0119173017781975,27.58522671344499,0.2334707396359327,,,,,,,,,,,,,,,,,,,,,,,,,,,,,,,,,,,
UNFILLED_ACTUAL_MEASUREMENT,D5,정상 선회,normal,2,1.1,31,0.57,1.0959445248694175,0.0119173017781975,27.58522671344499,0.2334707396359327,,,,,,,,,,,,,,,,,,,,,,,,,,,,,,,,,,,
UNFILLED_ACTUAL_MEASUREMENT,D5,정상 선회,normal,3,1.1,31,0.57,1.0959445248694175,0.0119173017781975,27.58522671344499,0.2334707396359327,,,,,,,,,,,,,,,,,,,,,,,,,,,,,,,,,,,
UNFILLED_ACTUAL_MEASUREMENT,D5,정상 선회,normal,4,1.1,31,0.57,1.0959445248694175,0.0119173017781975,27.58522671344499,0.2334707396359327,,,,,,,,,,,,,,,,,,,,,,,,,,,,,,,,,,,
UNFILLED_ACTUAL_MEASUREMENT,D5,정상 선회,normal,5,1.1,31,0.57,1.0959445248694175,0.0119173017781975,27.58522671344499,0.2334707396359327,,,,,,,,,,,,,,,,,,,,,,,,,,,,,,,,,,,
UNFILLED_ACTUAL_MEASUREMENT,D6,연석 오르내리기,normal,1,3.5,314,2.39,3.505922270110488,0.0470573803028755,308.15871862759326,2.372778461734319,,,,,,,,,,,,,,,,,,,,,,,,,,,,,,,,,,,
UNFILLED_ACTUAL_MEASUREMENT,D6,연석 오르내리기,normal,2,3.5,314,2.39,3.505922270110488,0.0470573803028755,308.15871862759326,2.372778461734319,,,,,,,,,,,,,,,,,,,,,,,,,,,,,,,,,,,
UNFILLED_ACTUAL_MEASUREMENT,D6,연석 오르내리기,normal,3,3.5,314,2.39,3.505922270110488,0.0470573803028755,308.15871862759326,2.372778461734319,,,,,,,,,,,,,,,,,,,,,,,,,,,,,,,,,,,
UNFILLED_ACTUAL_MEASUREMENT,D6,연석 오르내리기,normal,4,3.5,314,2.39,3.505922270110488,0.0470573803028755,308.15871862759326,2.372778461734319,,,,,,,,,,,,,,,,,,,,,,,,,,,,,,,,,,,
UNFILLED_ACTUAL_MEASUREMENT,D6,연석 오르내리기,normal,5,3.5,314,2.39,3.505922270110488,0.0470573803028755,308.15871862759326,2.372778461734319,,,,,,,,,,,,,,,,,,,,,,,,,,,,,,,,,,,
UNFILLED_ACTUAL_MEASUREMENT,D7,요철 노면 연속 주행,normal,1,2.7,70,0.44,2.669636400294757,0.0824198186553996,70.07434696659467,0.4491274034630704,,,,,,,,,,,,,,,,,,,,,,,,,,,,,,,,,,,
UNFILLED_ACTUAL_MEASUREMENT,D7,요철 노면 연속 주행,normal,2,2.7,70,0.44,2.669636400294757,0.0824198186553996,70.07434696659467,0.4491274034630704,,,,,,,,,,,,,,,,,,,,,,,,,,,,,,,,,,,
UNFILLED_ACTUAL_MEASUREMENT,D7,요철 노면 연속 주행,normal,3,2.7,70,0.44,2.669636400294757,0.0824198186553996,70.07434696659467,0.4491274034630704,,,,,,,,,,,,,,,,,,,,,,,,,,,,,,,,,,,
UNFILLED_ACTUAL_MEASUREMENT,D7,요철 노면 연속 주행,normal,4,2.7,70,0.44,2.669636400294757,0.0824198186553996,70.07434696659467,0.4491274034630704,,,,,,,,,,,,,,,,,,,,,,,,,,,,,,,,,,,
UNFILLED_ACTUAL_MEASUREMENT,D7,요철 노면 연속 주행,normal,5,2.7,70,0.44,2.669636400294757,0.0824198186553996,70.07434696659467,0.4491274034630704,,,,,,,,,,,,,,,,,,,,,,,,,,,,,,,,,,,
UNFILLED_ACTUAL_MEASUREMENT,D8,가감속 반복,normal,1,1.2,84,0.81,1.213682737342369,0.0233371481278131,85.06163851683289,0.7276586370579637,,,,,,,,,,,,,,,,,,,,,,,,,,,,,,,,,,,
UNFILLED_ACTUAL_MEASUREMENT,D8,가감속 반복,normal,2,1.2,84,0.81,1.213682737342369,0.0233371481278131,85.06163851683289,0.7276586370579637,,,,,,,,,,,,,,,,,,,,,,,,,,,,,,,,,,,
UNFILLED_ACTUAL_MEASUREMENT,D8,가감속 반복,normal,3,1.2,84,0.81,1.213682737342369,0.0233371481278131,85.06163851683289,0.7276586370579637,,,,,,,,,,,,,,,,,,,,,,,,,,,,,,,,,,,
UNFILLED_ACTUAL_MEASUREMENT,D8,가감속 반복,normal,4,1.2,84,0.81,1.213682737342369,0.0233371481278131,85.06163851683289,0.7276586370579637,,,,,,,,,,,,,,,,,,,,,,,,,,,,,,,,,,,
UNFILLED_ACTUAL_MEASUREMENT,D8,가감속 반복,normal,5,1.2,84,0.81,1.213682737342369,0.0233371481278131,85.06163851683289,0.7276586370579637,,,,,,,,,,,,,,,,,,,,,,,,,,,,,,,,,,,
UNFILLED_ACTUAL_MEASUREMENT,D9,저속 유턴,normal,1,1.0,67,0.41,1.0577538883674171,0.0105620137621534,67.9395734666899,0.3304755696624828,,,,,,,,,,,,,,,,,,,,,,,,,,,,,,,,,,,
UNFILLED_ACTUAL_MEASUREMENT,D9,저속 유턴,normal,2,1.0,67,0.41,1.0577538883674171,0.0105620137621534,67.9395734666899,0.3304755696624828,,,,,,,,,,,,,,,,,,,,,,,,,,,,,,,,,,,
UNFILLED_ACTUAL_MEASUREMENT,D9,저속 유턴,normal,3,1.0,67,0.41,1.0577538883674171,0.0105620137621534,67.9395734666899,0.3304755696624828,,,,,,,,,,,,,,,,,,,,,,,,,,,,,,,,,,,
UNFILLED_ACTUAL_MEASUREMENT,D9,저속 유턴,normal,4,1.0,67,0.41,1.0577538883674171,0.0105620137621534,67.9395734666899,0.3304755696624828,,,,,,,,,,,,,,,,,,,,,,,,,,,,,,,,,,,
UNFILLED_ACTUAL_MEASUREMENT,D9,저속 유턴,normal,5,1.0,67,0.41,1.0577538883674171,0.0105620137621534,67.9395734666899,0.3304755696624828,,,,,,,,,,,,,,,,,,,,,,,,,,,,,,,,,,,
