ts,device_id,key,value,unit,source,mode,state,confidence
2026-09-30T00:37:32.781826+00:00,tfv-pi-01,hr,,bpm,rppg,live,low_quality,
2026-09-30T00:37:32.781826+00:00,tfv-pi-01,drowsy_score,,,drowsiness,unavailable,no_adapter,
2026-09-30T00:37:32.781826+00:00,tfv-pi-01,drowsy_trend,,,drowsiness,unavailable,no_adapter,
2026-09-30T00:37:32.781826+00:00,tfv-pi-01,reopen_ms,,,drowsiness,unavailable,no_adapter,
2026-09-30T00:37:32.781826+00:00,tfv-pi-01,blink_dur,,,drowsiness,unavailable,no_adapter,
2026-09-30T00:37:32.781826+00:00,tfv-pi-01,blink_rate,,,drowsiness,unavailable,no_adapter,
2026-09-30T00:37:32.781826+00:00,tfv-pi-01,head_drop,,,drowsiness,unavailable,no_adapter,
2026-09-30T00:37:32.781826+00:00,tfv-pi-01,perclos,,,drowsiness,unavailable,no_adapter,
2026-09-30T00:37:32.781826+00:00,tfv-pi-01,drowsiness,,,drowsiness,unavailable,no_adapter,
2026-09-30T00:37:32.781826+00:00,tfv-pi-01,temp,,,bme680,unavailable,no_adapter,
2026-09-30T00:37:32.781826+00:00,tfv-pi-01,humidity,,,bme680,unavailable,no_adapter,
2026-09-30T00:37:32.781826+00:00,tfv-pi-01,lux,,,bh1750,unavailable,no_adapter,
2026-09-30T00:37:32.781826+00:00,tfv-pi-01,occupancy,,,pir,unavailable,no_adapter,
2026-09-30T00:37:32.781826+00:00,tfv-pi-01,rr,,,rr_estimator,unavailable,no_adapter,
2026-09-30T00:37:32.781826+00:00,tfv-pi-01,posture,,,posture,unavailable,no_adapter,
2026-09-30T00:40:31.479766+00:00,tfv-pi-01,hr,,bpm,rppg,live,low_quality,
2026-09-30T00:40:31.479766+00:00,tfv-pi-01,drowsy_score,,,drowsiness,unavailable,no_adapter,
2026-09-30T00:40:31.479766+00:00,tfv-pi-01,drowsy_trend,,,drowsiness,unavailable,no_adapter,
2026-09-30T00:40:31.479766+00:00,tfv-pi-01,reopen_ms,,,drowsiness,unavailable,no_adapter,
2026-09-30T00:40:31.479766+00:00,tfv-pi-01,blink_dur,,,drowsiness,unavailable,no_adapter,
2026-09-30T00:40:31.479766+00:00,tfv-pi-01,blink_rate,,,drowsiness,unavailable,no_adapter,
2026-09-30T00:40:31.479766+00:00,tfv-pi-01,head_drop,,,drowsiness,unavailable,no_adapter,
2026-09-30T00:40:31.479766+00:00,tfv-pi-01,perclos,,,drowsiness,unavailable,no_adapter,
2026-09-30T00:40:31.479766+00:00,tfv-pi-01,drowsiness,,,drowsiness,unavailable,no_adapter,
2026-09-30T00:40:31.479766+00:00,tfv-pi-01,temp,,,bme680,unavailable,no_adapter,
2026-09-30T00:40:31.479766+00:00,tfv-pi-01,humidity,,,bme680,unavailable,no_adapter,
2026-09-30T00:40:31.479766+00:00,tfv-pi-01,lux,,,bh1750,unavailable,no_adapter,
2026-09-30T00:40:31.479766+00:00,tfv-pi-01,occupancy,,,pir,unavailable,no_adapter,
2026-09-30T00:40:31.479766+00:00,tfv-pi-01,rr,,,rr_estimator,unavailable,no_adapter,
2026-09-30T00:40:31.479766+00:00,tfv-pi-01,posture,,,posture,unavailable,no_adapter,
