data_kind,scenario,repeat,duration_s,samples_expected,samples_received,missing_count,sample_interval_median_ms,sample_interval_p99_ms,data_peak_g,data_peak_dps,data_dv_est_peak_mps,data_dv_true_peak_mps,data_dv_oracle_peak_mps,data_dv_rmse_mps,data_bank_mae_deg,data_bank_max_error_deg,data_pose_error_max_deg,data_event_pose_error_max_deg,latent_overrange_acc_samples,latent_overrange_gyro_samples,observed_acc_rail_samples,observed_gyro_rail_samples,observed_acc_rail_axes,candidate,data_candidate_s,data_trigger_s,data_sensor_latency_ms,data_receiver_latency_ms,dv_invalid_fraction,name,class,sim_speed_kmh,sim_peak_g,sim_dv_true_mps,sim_peak_dps,sim_candidate_s
real_data,A1,1,6.0,6001,5994,7,1.0000011635038497,1.085280208356254,22.14696393098089,1429.1463440649852,8.55495248880635,15.186102133059599,8.560184421307989,1.1530597448642543,0.06076304473180536,3.0836997964123043,3.1031414566560676,3.1031414566560676,8,0,0,0,,True,1.5510053578179464,1.4314957877734782,119.50957004446816,135.28650969031065,0.17734401067734407,정지 승용차 측면 직각 충돌,accident,48,203.7,15.02,1437,1.55
real_data,A1,2,6.0,6001,5989,12,0.999781606301417,1.082327991494536,22.11492648571956,1440.4268408836779,7.6542645161049405,14.032370917367528,7.671378136581741,1.1737701448450992,0.3636793557554933,2.9255422970417158,3.0419900293182476,3.0419900293182476,8,0,0,0,,True,1.5590279664135653,1.4297860207218003,129.24194569176507,145.32768846101885,0.26531975288028053,정지 승용차 측면 직각 충돌,accident,48,203.7,15.02,1437,1.55
real_data,A1,3,6.0,6001,5997,4,1.0002917035298875,1.0837945327698106,22.127370303283218,1427.3171252688255,9.069548422890369,16.046992527646072,9.088924394169684,1.1773413705991602,0.1460196186998959,2.7871719366660557,2.9294118699086185,2.9294118699086185,8,0,0,0,,True,1.5499696273824517,1.434156296877108,115.8133305053437,136.32166869830886,0.12539603134900779,정지 승용차 측면 직각 충돌,accident,48,203.7,15.02,1437,1.55
real_data,A1,4,6.0,6001,5993,8,0.9998008975620198,1.0862595546516074,22.17069932698419,1437.743948987265,8.263871273341287,15.104580289939111,8.279826070504853,1.2158256127010711,0.1669539677056931,3.4783487170497267,3.569072386141729,3.569072386141729,8,0,0,0,,True,1.5540026819772006,1.4314836677052565,122.51901427194412,140.48550025672557,0.21441681962289338,정지 승용차 측면 직각 충돌,accident,48,203.7,15.02,1437,1.55
real_data,A1,5,6.0,6001,5999,2,1.0010478659974176,1.0814074539764962,22.17882822917873,1453.4756417313931,8.487473438864557,15.276120560570808,8.494025953225947,1.1108309275405672,0.2713491094024225,2.820917529142122,2.8441426432770873,2.8441426432770873,8,0,0,0,,True,1.5549545975487162,1.4347067376662141,120.24785988250208,134.31021273791387,0.07534589098183031,정지 승용차 측면 직각 충돌,accident,48,203.7,15.02,1437,1.55
real_data,A2,1,6.0,6001,5994,7,0.9999692607931543,1.08673694060057,22.766772940970828,1544.0854284594252,7.144003740555077,14.112053805882379,7.1530688998792495,1.2087484625284834,0.1611193146951471,3.2568659839497514,3.2921467578837524,3.2921467578837524,7,0,0,0,,True,1.5799851161052334,1.442032133361311,137.95298274392232,146.08110083829362,0.17400734067400736,주행 승용차 측면 직각 충돌,accident,48,200.8,13.83,1520,1.56
real_data,A2,2,6.0,6001,5997,4,1.0001765173165977,1.0806198857045812,22.050704104454983,1529.2074058171277,6.54886410624501,13.232017098597407,6.566120073622131,1.0362134516315749,0.19630550264898236,3.1015638040946953,3.224431871527641,3.224431871527641,8,0,0,0,,True,1.5870524111524253,1.4406047158031179,146.44769534930745,164.49997503818193,0.12539603134900779,주행 승용차 측면 직각 충돌,accident,48,200.8,13.83,1520,1.56
real_data,A2,3,6.0,6001,5994,7,1.0001947576574466,1.0870895207562548,21.858100275878606,1493.5367148151709,7.745666631000405,14.394466701546568,7.755961839747405,1.1561283015009225,0.15851565084152208,3.3049956010866026,3.3501863893698753,3.3501863893698753,8,0,0,0,,True,1.5669772384039442,1.4397963558233622,127.18088258058202,139.82968883371805,0.18018018018018023,주행 승용차 측면 직각 충돌,accident,48,200.8,13.83,1520,1.56
real_data,A2,4,6.0,6001,5996,5,0.9998108088984381,1.085395980080761,21.391546660045673,1492.4391489522786,6.602442408096053,13.095946464700802,6.624302259967469,1.095356336144614,0.2013705662181553,3.046699318356957,3.2081718383606552,3.2081718383606552,7,0,0,0,,True,1.5889825879890438,1.4421313950237677,146.85119296527606,162.8076597874848,0.12841894596397596,주행 승용차 측면 직각 충돌,accident,48,200.8,13.83,1520,1.56
real_data,A2,5,6.0,6001,5997,4,0.9996393892606724,1.0832051205836524,22.63670169280021,1497.8048780487807,6.535781865855197,12.920039450069764,6.544998535868886,1.0743716069352354,0.487567730898157,3.2039909418079446,3.2558696082479255,3.2558696082479255,8,0,0,0,,True,1.588008347580126,1.4412439787630411,146.764368817085,159.44420598768215,0.12556278139069532,주행 승용차 측면 직각 충돌,accident,48,200.8,13.83,1520,1.56
real_data,A3,1,6.0,6001,5995,6,1.000074446143473,1.0834737100758263,22.56695320902088,1001.9514050513994,5.770628386980093,10.031677822244834,5.781117916406829,0.4962677940867114,0.05512946722400543,2.2670475179137384,2.3689560626220008,2.3689560626220008,7,0,0,0,,True,1.5909541798656084,1.4437912875694408,147.16289229616763,157.80237216301262,0.17564637197664723,주행 승용차 측면 45도 충돌,accident,48,143.5,10.44,1016,1.561
real_data,A3,2,6.0,6001,5996,5,0.9995928868944404,1.0839546840627083,21.35588337642452,1021.097579181632,6.021334293200877,10.502919746157076,6.034125897471454,0.7670461057683362,0.3521298895309681,1.9755489783568976,2.0793763684886213,2.0793763684886213,7,0,0,0,,True,1.590987095898556,1.4432748361796772,147.7122597188787,163.2944469694113,0.14793195463642428,주행 승용차 측면 45도 충돌,accident,48,143.5,10.44,1016,1.561
real_data,A3,3,6.0,6001,5999,2,1.0000054153740667,1.088102655139045,20.875200784597048,993.4146828010744,5.959528423800456,10.364090631722828,5.97341281243126,0.7213194520402728,0.08741815969131225,2.0643356509069974,2.185604011044679,2.185604011044679,7,0,0,0,,True,1.5909760912531883,1.4437067558102328,147.2693354429555,159.92123606243646,0.07517919653275551,주행 승용차 측면 45도 충돌,accident,48,143.5,10.44,1016,1.561
real_data,A3,4,6.0,6001,5987,14,1.0003152823135908,1.0862549281942413,22.704950919502537,1042.6219957949322,6.639867501280555,11.28965675081916,6.6560714091296935,0.8961414826374451,0.1129447350086414,2.218558402663348,2.373775188082214,2.373775188082214,7,0,0,0,,True,1.5900379354879066,1.4429126547305962,147.12528075731046,161.31610200894798,0.3278770669784533,주행 승용차 측면 45도 충돌,accident,48,143.5,10.44,1016,1.561
real_data,A3,5,6.0,6001,5998,3,1.0000722623031422,1.0799560851119505,21.535712860625218,1023.1098523996997,6.610470550702475,11.221212836724348,6.619513605465557,0.7561028855753107,0.25015856100901324,1.634407911785786,1.7095495470994104,1.7095495470994104,8,0,0,0,,True,1.5920067196348733,1.4454990149800586,146.50770465481466,161.75805668270482,0.07652550850283424,주행 승용차 측면 45도 충돌,accident,48,143.5,10.44,1016,1.561
real_data,A4,1,6.0,6001,5998,3,0.9999817597563521,1.082312130803551,26.77650495532897,2168.9710539281314,4.973263304932047,12.482694893506055,5.117076596363106,1.2346466511417296,2.3936934727771564,23.038942388955945,23.852560095064618,23.852560095064618,8,45,0,40,,True,1.578985033810113,1.4317157408011116,147.2692930090014,159.36311076655252,0.0751917305768589,주행 승용차 측면 135도 충돌,accident,48,240.8,13.28,2755,1.55
real_data,A4,2,6.0,6001,5998,3,0.9991913903144578,1.0828316647298264,26.611830140584473,2166.4639148983792,5.862653981484209,13.781976124771832,6.003353102029608,1.318649076588502,2.35922301431781,22.2581722926096,22.95485502853431,22.95485502853431,8,45,0,40,,True,1.5800141965711836,1.4322538815510006,147.76031502018293,165.95867585434365,0.10020006668889625,주행 승용차 측면 135도 충돌,accident,48,240.8,13.28,2755,1.55
real_data,A4,3,6.0,6001,5995,6,1.0001847315634915,1.0837018362773687,26.681470480191326,2155.4770534799313,4.730641111472761,12.483517307002252,4.8426159777256945,1.2857342804932326,1.8828543635851005,19.157192348014377,19.629775133559527,19.629775133559527,7,41,0,37,,True,1.5789898871840968,1.4310674994421106,147.92238774198617,162.46879230355216,0.1631359466221851,주행 승용차 측면 135도 충돌,accident,48,240.8,13.28,2755,1.55
real_data,A4,4,6.0,6001,5990,11,0.9998777261772673,1.0833718086660138,26.643575134705735,2163.505052486736,6.125716056714997,13.888049220733778,6.26316244280373,1.4469603180058692,2.3033788295083246,21.9718242634232,22.660238899447194,22.660238899447194,8,44,0,39,,True,1.5759553223785914,1.4292191056396073,146.73621673898407,163.00019277036793,0.2792988313856427,주행 승용차 측면 135도 충돌,accident,48,240.8,13.28,2755,1.55
real_data,A4,5,6.0,6001,5995,6,1.0001713506175847,1.082061764494362,26.770892304727838,2176.445210193544,5.893370495126828,13.356828216155241,6.050646797633905,1.2982882269780918,2.902916412225677,25.392777412142635,26.639682639215867,26.639682639215867,7,47,0,42,,True,1.5810200046203073,1.433959157086694,147.06084753361327,164.0133144543665,0.17581317764804005,주행 승용차 측면 135도 충돌,accident,48,240.8,13.28,2755,1.55
real_data,A5,1,6.0,6001,5994,7,1.0000330487445197,1.0845017120056077,16.26641739702491,1750.9756193114065,9.47727869390769,13.75561616022732,9.501449364714937,0.7471083132887065,0.1112737757490749,3.833050533493406,3.9527841759188345,3.9527841759188345,7,0,0,0,,True,1.5349915560363896,1.4221125026846493,112.87905335174031,125.50655575015357,0.1770103436770103,승용차와 사선 정면충돌,accident,48,133.9,13.88,1872,1.536
real_data,A5,2,6.0,6001,5995,6,0.9998189306212879,1.0856462753617846,21.541896928285826,1895.8536624588555,9.511549257400336,13.69996685149594,9.521884540507656,0.7285562257550826,0.1274239311235807,4.273413892534279,4.297212708541885,4.297212708541885,7,0,0,0,,True,1.531964756025942,1.419976463544015,111.98829248192688,129.1485993661563,0.1761467889908257,승용차와 사선 정면충돌,accident,48,133.9,13.88,1872,1.536
real_data,A5,3,6.0,6001,5992,9,1.0003229453148244,1.0849135184254344,16.8492045160986,1883.231712252771,8.391645992845042,13.113898228404766,8.405378712183024,0.48740510876758136,0.49161906108649334,4.299605706989638,4.344494525738375,4.344494525738375,7,0,0,0,,True,1.5349851453852676,1.4179150789842145,117.07006640105311,132.12640911008933,0.2296395193591455,승용차와 사선 정면충돌,accident,48,133.9,13.88,1872,1.536
real_data,A5,4,6.0,6001,5991,10,0.999398195318385,1.082642631321837,22.463424417561356,1900.0000518566637,10.046425840718191,14.505809286720469,10.075602753727802,0.8150153921595041,0.09505705830735824,4.307132048896392,4.404185846049336,4.404185846049336,8,0,0,0,,True,1.527032646802282,1.4174662984317785,109.56634837050339,127.77218026861581,0.25254548489400763,승용차와 사선 정면충돌,accident,48,133.9,13.88,1872,1.536
real_data,A5,5,6.0,6001,5994,7,0.9998207813786131,1.0823896352419027,21.957135892305494,1820.0610348510259,10.344373408737455,14.688873351323052,10.362549360488401,0.7625555630582327,0.08068792698315821,4.0043879244749405,4.06470810099788,4.06470810099788,7,0,0,0,,True,1.527996357593201,1.4209501174586376,107.04624013456332,117.78304695413388,0.20086753420086756,승용차와 사선 정면충돌,accident,48,133.9,13.88,1872,1.536
real_data,A6,1,6.0,6001,5995,6,1.0003832511394362,1.0827787351153395,21.786418203131035,1373.3536653047347,4.913113857262865,8.55198659550836,4.921060661945483,0.438062689420609,0.1486889991435477,3.3496617166380247,3.4089117219553056,3.4089117219553056,7,0,0,0,,True,1.5590065649050242,1.4109213588984615,148.08520600656271,159.83919894032738,0.1754795663052544,정지 이륜차 측면 피충돌,accident,0,131.1,9.25,1386,1.528
real_data,A6,2,6.0,6001,5998,3,1.0003539621792346,1.0831991935342433,21.693340345123453,1411.0366117154538,5.137227635981946,8.844086389843042,5.150303558468317,0.6157316390221333,0.23043176634709944,3.3408755647274972,3.4472885522898427,3.4472885522898427,7,0,0,0,,True,1.5580023304272714,1.410070942769128,147.9313876581434,162.94082462668635,0.09886628876292103,정지 이륜차 측면 피충돌,accident,0,131.1,9.25,1386,1.528
real_data,A6,3,6.0,6001,5998,3,0.9994994758721898,1.0837979163566658,21.944026410940495,1323.6585506298677,5.171383862142877,8.962952153055284,5.182247527493433,0.4757294211207445,0.16693971083808037,2.9711751317778976,3.0722478078892186,3.0722478078892186,7,0,0,0,,True,1.557961671590068,1.4100477553525326,147.91391623753535,163.55257121851574,0.10003334444814937,정지 이륜차 측면 피충돌,accident,0,131.1,9.25,1386,1.528
real_data,A6,4,6.0,6001,5989,12,1.0005109855932837,1.0827438262078062,21.957339252238363,1333.902445992713,5.1468065709683755,9.05985525122952,5.1528842863359126,0.7109877626410211,0.13362686482468583,2.8387495473469357,2.878679520795134,2.878679520795134,7,0,0,0,,True,1.5589825808690845,1.410741708986935,148.24087188214952,162.43426930062066,0.2472866922691601,정지 이륜차 측면 피충돌,accident,0,131.1,9.25,1386,1.528
real_data,A6,5,6.0,6001,5995,6,0.9997650356363685,1.0846144597641016,20.002880669799932,1376.7074142971,4.820645557105609,8.727155902402561,4.839441837496774,0.3423791235251813,0.12166841769648738,2.948158605545075,3.090866777990954,3.090866777990954,7,0,0,0,,True,1.5590034215018789,1.410943247644381,148.0601738574978,164.0922155403619,0.1476230191826522,정지 이륜차 측면 피충돌,accident,0,131.1,9.25,1386,1.528
real_data,A7,1,6.0,6001,5996,5,1.0002913789991519,1.0837187361615952,16.900631766107196,1531.6463426771495,9.606942793156707,10.347468824387997,9.621609404332888,0.1341264945651814,0.32230328747519155,3.1085796874611162,3.199383218271283,3.199383218271283,9,0,0,0,,True,1.5520194333792459,1.438743640942644,113.2757924366019,127.84383360385453,0.12775183455637096,전면 모서리 오프셋 충돌,accident,48,28.5,10.59,1595,1.554
real_data,A7,2,6.0,6001,5994,7,0.9999326272203124,1.0815027911622321,16.387049740527797,1581.3414692925946,9.577463350051307,10.359383348018444,9.58414094997995,0.14689056581347376,0.23548846012726948,3.8024927243897366,3.819206830479712,3.819206830479712,10,0,0,0,,True,1.5520130740811446,1.438313984284429,113.69908979671561,128.51287466300465,0.18885552218885548,전면 모서리 오프셋 충돌,accident,48,28.5,10.59,1595,1.554
real_data,A7,3,6.0,6001,5990,11,0.9998095580265876,1.0844346869563104,16.58340285237116,1586.0365865379658,9.524706694367191,10.321797382781583,9.542809285894807,0.15409349166636824,0.09940644143693687,3.397607765162718,3.4929934397029,3.4929934397029,9,0,0,0,,True,1.5519744291772282,1.4387666709726543,113.20775820457385,127.38182502588357,0.2959933222036728,전면 모서리 오프셋 충돌,accident,48,28.5,10.59,1595,1.554
real_data,A7,4,6.0,6001,5997,4,0.9998297003765977,1.0826341238676376,17.359179958343116,1687.439079474085,9.934318080036206,10.614075247056881,9.943326762946414,0.12613972897343337,0.6220478973079877,4.195893133133495,4.2273020183256875,4.2273020183256875,10,0,0,0,,True,1.5489828887032129,1.43838797016305,110.5949185401629,125.98456271147663,0.11205602801400705,전면 모서리 오프셋 충돌,accident,48,28.5,10.59,1595,1.554
real_data,A7,5,6.0,6001,5990,11,0.9999049454318953,1.0890532709102985,16.961832234641363,1632.073229962292,9.35664770317657,10.957194741324471,9.371613265910343,0.11018251223803385,0.07548058250127762,3.671036078273687,3.7361677585929822,3.7361677585929822,10,0,0,0,,True,1.5449918520732673,1.435407302520049,109.58454955321817,123.17068289376198,0.262771285475793,전면 모서리 오프셋 충돌,accident,48,28.5,10.59,1595,1.554
real_data,B1,1,6.0,6001,5996,5,0.9999410507743889,1.0827825139995009,21.08094104254318,1692.6829641702393,7.793513957388062,12.284936680173459,7.799833210398039,0.7664775123552834,0.07314278143945209,3.8310747149902227,3.8449204662762844,3.8449204662762844,7,0,0,0,,True,1.5729635395357813,1.4468781035724132,126.08543596336807,139.38960572353244,0.1444296197464977,좌회전 차량 진로 차단,accident,40,145.6,12.06,1710,1.565
real_data,B1,2,6.0,6001,5994,7,0.9995802694690026,1.0840981412822526,18.386927133242043,1699.0244011855496,6.207540209171489,12.103766005986673,6.2093288717487285,0.3579805743462343,0.235572203044804,3.758831742597721,3.7728481912737903,3.7728481912737903,7,0,0,0,,True,1.5749738705669845,1.4469435933157253,128.03027725125915,144.2415556792671,0.20086753420086756,좌회전 차량 진로 차단,accident,40,145.6,12.06,1710,1.565
real_data,B1,3,6.0,6001,5998,3,0.9999706296994759,1.0862359534666943,21.975922505714934,1711.6463523243763,6.81052796908658,11.235277987704468,6.817380563684707,0.7355213667682897,0.3536448352452669,3.840149115982598,3.8571610282699997,3.8571610282699997,7,0,0,0,,True,1.5969837820989763,1.4508883343658758,146.09544773310046,159.72797767930857,0.10036678892964324,좌회전 차량 진로 차단,accident,40,145.6,12.06,1710,1.565
real_data,B1,4,6.0,6001,5994,7,1.000426832549195,1.0806867355256955,21.127664668847892,1729.2684066359318,6.529425913423174,11.060778322157626,6.558486298522693,0.7962756698008854,0.3958264769659844,3.6851224416489288,3.858991690688568,3.858991690688568,7,0,0,0,,True,1.5980248940067843,1.451308890407751,146.71600359903337,162.66995243207606,0.1930263596930264,좌회전 차량 진로 차단,accident,40,145.6,12.06,1710,1.565
real_data,B1,5,6.0,6001,5996,5,0.999750980652081,1.0836500305008914,21.919075953722462,1708.780566134949,7.0722962217889105,11.439892740854528,7.0890592986747984,0.7485817011548082,0.19774893119069642,3.4253787663644744,3.4932668689475483,3.4932668689475483,8,0,0,0,,True,1.5820368347653153,1.4445786931431503,137.45814162216496,152.58809392171167,0.15093395597064707,좌회전 차량 진로 차단,accident,40,145.6,12.06,1710,1.565
real_data,B2,1,6.0,6001,5997,4,0.999866171777275,1.084593092088082,18.342035034700277,1063.7195436528737,5.121798500040861,7.657638125073826,5.134699444922187,0.4292198964339415,0.29298171888667673,1.9957449804835505,2.113843910428193,2.113843910428193,12,0,0,0,,True,1.601992828400213,1.4574815261951872,144.51130220502571,157.61443914305207,0.12539603134900779,정차 차량 후미 추돌,accident,30,56.8,7.5,1075,1.571
real_data,B2,2,6.0,6001,5989,12,1.0001308707681122,1.0851183001829425,21.308453984068798,1097.195265969406,3.7457923170047396,7.501525607056757,3.7638852597942316,0.054535943853736925,0.28550375247570264,2.1502399184579417,2.285125002629898,2.285125002629898,11,0,0,0,,True,1.596995307476302,1.4518205016989731,145.17480577732877,159.14665057625754,0.3105693771915178,정차 차량 후미 추돌,accident,30,56.8,7.5,1075,1.571
real_data,B2,3,6.0,6001,5995,6,0.9999721923682481,1.0852845983789692,17.97067227240187,1067.1953257606601,4.855194159706164,7.410960021724505,4.869222763641562,0.43960935348752056,0.10672668025472569,2.348099082863712,2.474815193677734,2.474815193677734,12,0,0,0,,True,1.5989931486331241,1.4547080368094876,144.28511182363656,155.67558006714165,0.1586321934945788,정차 차량 후미 추돌,accident,30,56.8,7.5,1075,1.571
real_data,B2,4,6.0,6001,5995,6,0.9996747750160573,1.0821538238828572,17.012184187503497,1112.2561243031976,5.018100022405037,7.614356247565684,5.03364648379773,0.44778613318292865,0.4015969810881409,2.8162045841245913,2.901190851710722,2.901190851710722,12,0,0,0,,True,1.5979756631208553,1.4533307045623043,144.64495855855097,159.3367559058274,0.15763135946622187,정차 차량 후미 추돌,accident,30,56.8,7.5,1075,1.571
real_data,B2,5,6.0,6001,5995,6,1.0003122902613182,1.0833115084011167,19.68532889974327,1061.0975960150356,5.209827590033128,7.704605751590619,5.219497583413282,0.32738533281720456,0.5658715477611472,2.4690848167699926,2.548875129501595,2.548875129501595,12,0,0,0,,True,1.5969951114896925,1.4523788191414329,144.6162923482597,157.94627744722177,0.15379482902418684,정차 차량 후미 추돌,accident,30,56.8,7.5,1075,1.571
real_data,B3,1,6.0,6001,5995,6,1.0003003362422103,1.081806851510403,16.51393846401555,966.5855889538956,6.444565058843252,6.671101418134307,6.458368148765463,0.04523886462052821,0.0994583790969309,1.8871915146833942,2.024352418873309,2.024352418873309,7,0,0,0,,True,1.5520122838982842,1.4078961950801219,144.1160888181623,159.8059101895959,0.17564637197664723,신호 대기 중 후방 피추돌,accident,0,22.1,6.86,1003,1.526
real_data,B3,2,6.0,6001,5995,6,1.000196969940026,1.0829810571505583,16.565277715992355,1018.1098309613063,6.147780203164398,6.386927695624674,6.167075381429948,0.056508834371225586,0.32880651032908087,2.141852232774511,2.319203091786754,2.319203091786754,6,0,0,0,,True,1.5529444731206683,1.4082978038631582,144.64666925751013,161.06423802719206,0.16547122602168474,신호 대기 중 후방 피추돌,accident,0,22.1,6.86,1003,1.526
real_data,B3,3,6.0,6001,5991,10,0.9999257917905555,1.08558972992016,16.841643037107797,979.7562816110626,6.614832967188985,6.881718119081291,6.633203209612983,0.06268246339832133,0.06166532811010494,2.0327936663524326,2.2432932390790215,2.2432932390790215,6,0,0,0,,True,1.5529889652528288,1.409210195632556,143.7787696202728,154.7582230926472,0.23134702053079614,신호 대기 중 후방 피추돌,accident,0,22.1,6.86,1003,1.526
real_data,B3,4,6.0,6001,5995,6,0.9997335480190772,1.0792651511775486,16.74851446538865,1001.9513178479777,6.375432131877656,6.614919906012137,6.385909927895953,0.05843546065394019,0.4216696405472505,2.42942198495831,2.530426694793941,2.530426694793941,6,0,0,0,,True,1.5510308923081668,1.4068607090208656,144.17018328730126,159.24774693772292,0.16280233527939947,신호 대기 중 후방 피추돌,accident,0,22.1,6.86,1003,1.526
real_data,B3,5,6.0,6001,5993,8,1.0000921671965424,1.085181173221712,16.141016871375037,1039.8170964124758,6.378807724829481,6.624274548376346,6.394091643260554,0.05872231861047733,0.152664306406691,2.3593416078014684,2.4620402052662476,2.4620402052662476,6,0,0,0,,True,1.5520188539179063,1.4074251977733239,144.5936561445824,155.60452720437047,0.18872017353579174,신호 대기 중 후방 피추돌,accident,0,22.1,6.86,1003,1.526
real_data,B4,1,6.0,6001,5992,9,0.9998738562035925,1.0870388479051918,19.21176930628341,1472.4390307029416,3.4801596223137587,8.276618005776617,3.488699076998235,0.8468786789172018,0.08460565342852457,3.1853087093253123,3.223651236396168,3.223651236396168,13,0,0,0,,True,1.573054720991288,1.4280731722234443,144.98154876784363,157.8623345193686,0.20827770360480646,주차 차량 도어링,accident,30,85.1,7.96,1469,1.545
real_data,B4,2,6.0,6001,5992,9,1.0000537257228714,1.0850953963483956,22.292064621008414,1448.780575059536,3.4764787289617964,7.966449648350906,3.4852317865101403,0.787489669484509,0.20444493760689963,3.1988564887037114,3.265062972250965,3.265062972250965,13,0,0,0,,True,1.5700558385848227,1.425810531666064,144.2453069187586,159.53044696475516,0.1964285714285714,주차 차량 도어링,accident,30,85.1,7.96,1469,1.545
real_data,B4,3,6.0,6001,5994,7,1.0002267499054085,1.0824630669742064,22.402798976114294,1488.5365966058278,3.5044378787445116,8.077047726214934,3.509231281955613,0.7971038044740513,0.2354456762062568,2.961981361678056,2.9786229637639803,2.9786229637639803,13,0,0,0,,True,1.571988500423264,1.4276087269580078,144.37977346525633,163.66227683821631,0.18768768768768773,주차 차량 도어링,accident,30,85.1,7.96,1469,1.545
real_data,B4,4,6.0,6001,5993,8,0.999811603809686,1.0816602339706156,20.080979698681897,1436.7683457321982,3.3416358251417133,7.839622748064892,3.359303298108676,0.7926849265249188,0.41888167044440694,2.756683849161277,2.883878129953823,2.883878129953823,13,0,0,0,,True,1.5709739067800779,1.4261738213606645,144.80008541941336,156.5518024234942,0.2045720006674454,주차 차량 도어링,accident,30,85.1,7.96,1469,1.545
real_data,B4,5,6.0,6001,5991,10,1.000543113295338,1.0854729944814778,22.334351159383672,1459.7561548688786,3.054197818887047,7.404329535448892,3.0480060199572776,0.788928508103375,0.28596084075178496,3.657260461111605,3.6737587414026707,3.6737587414026707,12,0,0,0,,True,1.5759974374236114,1.431342757117334,144.65468030627738,159.04796614496797,0.24753797362710728,주차 차량 도어링,accident,30,85.1,7.96,1469,1.545
real_data,B5,1,6.0,6001,5991,10,1.0000719218017373,1.084421082039977,1.9774402584306388,137.68364244018917,0.8768666996247159,0.8839648163116199,0.8849651261930909,0.019065005353335295,0.1471635693134577,0.39702849807284224,0.6006400138565311,0.6006400138565311,0,0,0,0,,False,,2.3471726435096136,,,0.24837255883825737,차로 변경 차량 측면 스침,boundary,30,1.9,0.83,136,
real_data,B5,2,6.0,6001,5999,2,1.0005506732315705,1.082170424999651,1.8859432672319194,134.02457056291829,0.8453238225423512,0.8474364755373213,0.8542054471807258,0.010696489486825313,0.06773948527666454,0.44124322169972174,0.6198610177245734,0.6198610177245734,0,0,0,0,,False,,2.3513930397792744,,,0.07551258543090511,차로 변경 차량 측면 스침,boundary,30,1.9,0.83,136,
real_data,B5,3,6.0,6001,5992,9,1.0005208649221942,1.0843440954328543,1.9944739292035032,134.14635532150706,0.8544211059644994,0.8625697796752556,0.8573301936080343,0.006632805405406171,0.015381615049514893,0.30896455190273286,0.987512585430951,0.5192357680556148,0,0,0,0,,False,,2.3453713919554753,,,0.2468291054739653,차로 변경 차량 측면 스침,boundary,30,1.9,0.83,136,
real_data,B5,4,6.0,6001,5993,8,0.9998770686453773,1.0837008328583897,1.9108838526883223,136.82933622449514,0.8784221521706148,0.9065008381193275,0.8876348478730852,0.0071398831785341975,0.06678774601968161,0.19036636124454276,0.8281392797466384,0.8281392797466384,0,0,0,0,,False,,2.3484838319814547,,,0.20223594193225425,차로 변경 차량 측면 스침,boundary,30,1.9,0.83,136,
real_data,B5,5,6.0,6001,5994,7,1.000145809871844,1.0861577679788947,1.912682483419334,135.42766661649085,0.8311390372749592,0.829471800366105,0.833285208709882,0.009470685309073298,0.08055535522973849,0.38769252337689863,0.39588701594888476,0.39588701594888476,0,0,0,0,,False,,2.3506748561194657,,,0.19486152819486158,차로 변경 차량 측면 스침,boundary,30,1.9,0.83,136,
real_data,C1,1,6.0,6001,5995,6,0.9996659663360496,1.0800283318839907,17.0689895501328,1373.9024877355992,5.649633517364782,7.573257394451676,5.663479545941817,0.33153140193584496,0.19675611323987835,2.9070716758932633,3.0863884680806355,3.0863884680806355,11,0,0,0,,True,4.10801846579544,3.963946505804451,144.07195999098877,156.62731276803888,0.15362802335279402,저마찰 패치 로우사이드,accident,30,47.1,7.7,1360,3.981
real_data,C1,2,6.0,6001,5992,9,1.000189528797435,1.0853740005726922,20.33606512122716,1410.244014487767,5.376355787680667,7.0823337338217565,5.379952826170006,0.1836529447262602,0.1636390920262966,2.9565870035818307,2.9811858246752196,2.9811858246752196,10,0,0,0,,True,4.107019567393299,3.962592950749831,144.42661664346755,162.15825167271402,0.22546728971962615,저마찰 패치 로우사이드,accident,30,47.1,7.7,1360,3.981
real_data,C1,3,6.0,6001,5995,6,1.0007730646455215,1.0856409099968223,16.584783096137155,1357.3170964543203,5.631267891703169,7.663412215752417,5.652357415062519,0.3542436615294216,0.13007741635134537,2.8822196383090954,2.996907399151018,2.996907399151018,11,0,0,0,,True,4.108952780366735,3.9649511154737174,144.0016648930178,159.41093060189226,0.1754795663052544,저마찰 패치 로우사이드,accident,30,47.1,7.7,1360,3.981
real_data,C1,4,6.0,6001,5998,3,1.0000719718552542,1.0826168315497142,19.563509119837242,1345.914647958603,5.982220148711823,8.063529120191127,5.992655133204714,0.3471124789731695,0.23304042976296677,2.6562514042530836,2.7453031638773946,2.7453031638773946,11,0,0,0,,True,4.109013748565914,3.9648497142794787,144.16403428643542,165.7420198624444,0.10053351117039011,저마찰 패치 로우사이드,accident,30,47.1,7.7,1360,3.981
real_data,C1,5,6.0,6001,5997,4,1.000099256296405,1.0823497184444753,19.558417256791103,1379.5733054844297,6.183951229675658,8.063797981198004,6.1978799310409025,0.31411494295584846,0.12168943898871284,3.0827938775228176,3.401525244151649,3.401525244151649,11,0,0,0,,True,4.109017401331238,3.9651230434061637,143.89435792507444,157.50982317256447,0.10088377522094383,저마찰 패치 로우사이드,accident,30,47.1,7.7,1360,3.981
real_data,C2,1,6.0,6001,5992,9,0.999909509774799,1.084843496674104,16.721406173050887,1514.2073232117373,4.683813831138667,6.793202440883415,4.713674821767294,0.16151243937123194,0.09156297131737165,3.410194256206438,3.568936740468673,3.568936740468673,10,0,0,0,,True,1.9550160043258267,1.8104727810013699,144.5432233244568,159.47498561567053,0.2513351134846462,커브 과속 발판 접지 전도,accident,40,44.2,6.46,1497,1.932
real_data,C2,2,6.0,6001,5996,5,1.000063716087407,1.0841809206028774,19.19958496986287,1529.0244218551213,4.535500933489698,6.387923544827509,4.549088580315019,0.16988213927166035,0.6811695830367104,3.2222333236888687,3.2861641108059643,3.2861641108059643,11,0,0,0,,True,1.9630133458207344,1.8179226511608724,145.090694659862,159.32329766990927,0.15010006671114073,커브 과속 발판 접지 전도,accident,40,44.2,6.46,1497,1.932
real_data,C2,3,6.0,6001,5994,7,1.0000711164588338,1.0848539742425345,19.530537798294176,1488.9024789789216,4.997432383080808,6.587678936773613,5.001032675853304,0.27462319872285723,0.29400900705784355,3.138045678561639,3.155658935697778,3.155658935697778,10,0,0,0,,True,1.9570067909155675,1.8126964598901798,144.3103310253877,159.420232268336,0.14664664664664662,커브 과속 발판 접지 전도,accident,40,44.2,6.46,1497,1.932
real_data,C2,4,6.0,6001,5987,14,0.9996869080097781,1.0869268995364445,16.76579563306455,1472.7439655529322,4.660343235973214,6.231105388688001,4.676299410393359,0.30139336834687597,0.1045370317953897,3.486985840033242,3.585873175644569,3.585873175644569,11,0,0,0,,True,1.9580279052282468,1.8129530037381187,145.074901490128,161.9121290165051,0.30816769667613164,커브 과속 발판 접지 전도,accident,40,44.2,6.46,1497,1.932
real_data,C2,5,6.0,6001,5996,5,0.9999195183914011,1.0859650241513386,19.357258543222837,1470.6097813797608,4.848707300379768,6.8574783145357445,4.847700644277772,0.14418403429536222,0.19580183025426914,3.2063068357627458,3.215238565279953,3.215238565279953,11,0,0,0,,True,1.9569899383845737,1.8122359577517373,144.7539806328364,161.75595338339454,0.1280853902601734,커브 과속 발판 접지 전도,accident,40,44.2,6.46,1497,1.932
real_data,C3,1,6.0,6001,5990,11,1.0002080260888002,1.0842416442746483,21.680467707711028,1654.5122501784272,0.023038406007130266,8.272380712979995,0.02074992903349939,0.015100210891012189,0.10954354529637077,3.695193703761845,3.7199448877219665,3.7199448877219665,11,0,0,0,,True,2.454017457219871,2.3100240367715745,143.99342044829666,156.70574541983396,0.28697829716193657,젖은 노면 제동 앞바퀴 잠김,accident,40,60.2,8.47,1650,2.433
real_data,C3,2,6.0,6001,5996,5,1.0001364858560624,1.0876877503240157,21.300546073629675,1627.561058990908,6.101433506235281,9.000743180239736,6.109631227287189,0.4960113399123438,0.21907054959142233,3.2860788602984883,3.323392138601986,3.323392138601986,13,0,0,0,,True,2.4570688063721904,2.313901101463923,143.16770490826735,157.70981196674018,0.15060040026684451,젖은 노면 제동 앞바퀴 잠김,accident,40,60.2,8.47,1650,2.433
real_data,C3,3,6.0,6001,5992,9,1.0004212003966728,1.0856689417517276,16.91512928477198,1671.3414778743738,2.634014736640228,8.126412438913848,2.649445599902087,0.06244822356731823,0.1546544767805877,3.879927481211695,3.9717817806067117,3.9717817806067117,11,0,0,0,,True,2.462981741186038,2.3184048751454407,144.57686604059728,163.63420291897592,0.19492656875834447,젖은 노면 제동 앞바퀴 잠김,accident,40,60.2,8.47,1650,2.433
real_data,C3,4,6.0,6001,5996,5,1.0001501356859954,1.0834118473609067,19.96095790675365,1628.9024903814015,5.310924625285997,8.075348476847005,5.320643677006361,0.4669019400483132,0.17561583246111387,3.836342238245038,3.8668423548702124,3.8668423548702124,12,0,0,0,,True,2.458986340548184,2.3153475754031367,143.63876514504747,160.46350638641638,0.1274182788525684,젖은 노면 제동 앞바퀴 잠김,accident,40,60.2,8.47,1650,2.433
real_data,C3,5,6.0,6001,5996,5,1.0001982423798461,1.081049174040203,18.979283752945634,1578.4756568651553,5.173987041346512,7.784335154582617,5.1871894804672145,0.44669896610692206,0.6650114867488384,3.2731145623988027,3.3319779233702467,3.3319779233702467,11,0,0,0,,True,2.4570178779700473,2.3130387198799918,143.97915809005556,159.86584951383475,0.14709806537691794,젖은 노면 제동 앞바퀴 잠김,accident,40,60.2,8.47,1650,2.433
real_data,C4,1,6.0,6001,5994,7,1.0004136554355725,1.0839539215642355,17.716850636455025,1275.000018954637,4.821763860218045,5.297891260080674,4.836533939035081,0.09049212228809835,0.1314626411047028,2.692136737114936,2.899800217345275,2.899800217345275,7,0,0,0,,True,4.307976718829186,4.162782064326601,145.1946545025855,161.8053002526514,0.16566566566566565,선회 중 급제동,accident,30,25.7,4.96,1241,4.279
real_data,C4,2,6.0,6001,5995,6,1.0004652883530696,1.0844647152606668,16.791848875844636,1237.5611318342098,4.367158307724543,4.865715054292844,4.388103658648066,0.09304477871224665,0.09544844250396244,2.7745168730829732,3.008116973804038,3.008116973804038,7,0,0,0,,True,4.30600154548522,4.159784659145509,146.21688633971087,164.7617228789997,0.17581317764804005,선회 중 급제동,accident,30,25.7,4.96,1241,4.279
real_data,C4,3,6.0,6001,5999,2,0.999886127311056,1.0846632164509362,16.61009770971516,1269.0244327264284,4.63653352671445,5.074585501958819,4.648641154115272,0.07973337574826751,0.413825211837701,2.3053936183517862,2.3768295897710896,2.3768295897710896,8,0,0,0,,True,4.305026981746736,4.1595409250093365,145.48605673739968,160.2988042271356,0.07551258543090511,선회 중 급제동,accident,30,25.7,4.96,1241,4.279
real_data,C4,4,6.0,6001,5994,7,1.000369575471463,1.0847350746023565,17.55734460310272,1239.4512675079513,4.649999967705977,5.058524190044125,4.648098792385851,0.08043362554280434,0.22929758617757395,2.4834579901850304,2.4842171856411177,2.4842171856411177,6,0,0,0,,True,4.308993942301249,4.163456773611991,145.53716868925727,162.00734526772376,0.1971971971971972,선회 중 급제동,accident,30,25.7,4.96,1241,4.279
real_data,C4,5,6.0,6001,5995,6,0.999853379402893,1.0843226807280226,16.86418852443114,1203.4756298372374,4.263575436392291,4.66516815103268,4.274744078275005,0.07565590504627913,0.26889340572514975,2.339467458853221,2.4023806543562714,2.4023806543562714,7,0,0,0,,True,4.304986135196612,4.158748572504804,146.237562691808,160.7799704155637,0.1417848206839033,선회 중 급제동,accident,30,25.7,4.96,1241,4.279
real_data,C5,1,6.0,6001,5995,6,1.0001221038241637,1.0850390544208997,2.1245310770887467,279.39067640042754,1.1463381551967113,1.1876339589443583,1.1454021784576451,0.0057705702512294114,0.24233086022650477,0.35743433222725685,0.6919897777720436,0.4749949739278439,0,0,0,0,,False,,2.3534647712886105,,,0.1534612176814012,하이사이드 시도 미재현,unrealized,30,2.2,1.2,277,
real_data,C5,2,6.0,6001,5997,4,0.9994852418078182,1.084771871958684,2.186707543838097,286.8908206106021,1.1340156765399074,1.1369569556675387,1.145041039788632,0.00882987403507587,0.053154634007466735,0.5850942313624614,0.7943096494549093,0.7552569537549821,0,0,0,0,,False,,2.3523170130256834,,,0.12556278139069532,하이사이드 시도 미재현,unrealized,30,2.2,1.2,277,
real_data,C5,3,6.0,6001,5995,6,1.0001341521149731,1.0854457697861661,2.2032730918513033,275.0611716075452,1.1292952130728253,1.1245370580141005,1.1266186241193008,0.008662804945394465,0.2331690494418185,0.32731249908508175,2.4673232362539217,1.2238394402718724,0,0,0,0,,False,,2.3531521097568424,,,0.17581317764804005,하이사이드 시도 미재현,unrealized,30,2.2,1.2,277,
real_data,C5,4,6.0,6001,5999,2,1.0006226253016504,1.084248756645678,2.086793359631617,273.7809291647266,1.2269102203449098,1.2374116479364556,1.2284020128873536,0.017617741715609918,0.22486770233889727,0.6261303157159261,1.2842183327835242,0.7494055086130478,0,0,0,0,,False,,2.3499502469368534,,,0.07534589098183031,하이사이드 시도 미재현,unrealized,30,2.2,1.2,277,
real_data,C5,5,6.0,6001,5992,9,1.0003373977482966,1.0853554263969611,2.172154141058666,278.8424834508499,1.1380515348430935,1.1610376636826203,1.152801274168337,0.01202088485091102,0.30331127378791034,0.8920313610794892,1.47143604798606,1.0911584952168143,0,0,0,0,,False,,2.349756199721102,,,0.25100133511348466,하이사이드 시도 미재현,unrealized,30,2.2,1.2,277,
real_data,C6,1,6.0,6001,5993,8,1.0003711286192818,1.0858004046525593,19.148871358923543,1550.6097860698426,5.52685120018867,7.628486413522565,5.541976258101487,0.31540542111880054,0.7355001714442929,3.8461651769287073,3.922281632483513,3.922281632483513,12,0,0,0,,True,1.747980953934737,1.603452757107885,144.52819682685214,160.8696184252991,0.2037376939763057,연석 비스듬히 충돌,accident,25,51.6,7.65,1547,1.722
real_data,C6,2,6.0,6001,5995,6,0.9998471014660559,1.0852053246610283,17.978384980779143,1533.7195134072163,4.998736218221179,7.2037465804253635,5.019985197517426,0.38347810622558104,0.19030822432172642,2.913871594980378,3.0702685799877902,3.0702685799877902,11,0,0,0,,True,1.748045904799486,1.6036012825090968,144.44462229038925,157.90129576934663,0.17564637197664723,연석 비스듬히 충돌,accident,25,51.6,7.65,1547,1.722
real_data,C6,3,6.0,6001,5993,8,1.0004956089595396,1.0827560397604488,20.025556716371543,1615.121993806675,5.283246641503311,7.962927214682736,5.2863415809183,0.19491369773496814,0.28762533061584095,3.306945121953987,3.3340324843407485,3.3340324843407485,12,0,0,0,,True,1.748034880816291,1.6044471271819132,143.58775363437792,155.41463460246808,0.2084098114466878,연석 비스듬히 충돌,accident,25,51.6,7.65,1547,1.722
real_data,C6,4,6.0,6001,5993,8,1.000170900222086,1.0838429296722918,18.112274036617038,1595.487825851086,4.079018424999542,7.7343487723146325,4.097313551776985,0.05491809496031981,0.32809400538382333,3.486461057604089,3.553625650725698,3.553625650725698,11,0,0,0,,True,1.749007516664336,1.605005395731957,144.00212093237897,155.85529825843935,0.20490572334390122,연석 비스듬히 충돌,accident,25,51.6,7.65,1547,1.722
real_data,C6,5,6.0,6001,5993,8,1.000094656464473,1.0845820103006345,18.914361250990588,1513.2317134595976,5.5262129065588095,7.657742433435959,5.530396453266712,0.3771178608736151,0.3928631220427995,3.460216206703194,3.4835682246963593,3.4835682246963593,12,0,0,0,,True,1.7470699052954424,1.6026421606299452,144.42774466549713,157.1821534848934,0.19539462706490907,연석 비스듬히 충돌,accident,25,51.6,7.65,1547,1.722
real_data,C7,1,6.0,6001,5996,5,1.000083491426551,1.0824890675701495,22.01886554853367,1363.658559760678,3.8398376328007973,7.431875157672379,3.8434009008156735,0.6108537086870824,0.2934231469805953,3.3082733980974695,3.3418389817006564,3.3418389817006564,12,0,0,0,,True,1.5979822864998703,1.4534685696974434,144.51371680242687,156.0211151258104,0.14476317545030015,볼라드 전신주 정면 충돌,accident,30,73.6,7.74,1309,1.571
real_data,C7,2,6.0,6001,5997,4,1.000013008247258,1.0865599878049583,22.448462823181888,1273.4756170550693,4.300677795300346,7.972407501276075,4.2971373174678735,0.6150774286466787,0.18447908761215695,2.987083631365408,3.005326998032591,3.005326998032591,13,0,0,0,,True,1.5930030710903342,1.448157618848196,144.8454522421383,161.55939643792715,0.11722527930631987,볼라드 전신주 정면 충돌,accident,30,73.6,7.74,1309,1.571
real_data,C7,3,6.0,6001,5997,4,1.0005125210861832,1.0837580365946176,19.544762318069367,1306.7074223507009,4.040492436949132,7.620086306806124,4.042482206097125,0.6023856699934163,0.13618751134712956,2.6947233233862278,2.7023684608787564,2.7023684608787564,13,0,0,0,,True,1.6009512797671337,1.4568201594792294,144.1311202879043,157.24684584607363,0.12522928130732036,볼라드 전신주 정면 충돌,accident,30,73.6,7.74,1309,1.571
real_data,C7,4,6.0,6001,5996,5,1.0001337751273098,1.0849788150007278,18.202559859380806,1344.0245285607673,3.753235662938235,7.611157851142527,3.7644497335878655,0.650784868648894,0.09295542636113967,2.8638148995521533,2.955107963997672,2.955107963997672,12,0,0,0,,True,1.5979589741382798,1.4533540549794781,144.6049191588017,157.8604867981328,0.13008672448298864,볼라드 전신주 정면 충돌,accident,30,73.6,7.74,1309,1.571
real_data,C7,5,6.0,6001,5992,9,0.9997642147592245,1.0891639329129845,19.428837149019092,1310.5487989282954,3.869350341272372,7.510217106888889,3.876608586115169,0.6443311021486231,0.25990791443398337,3.071302754557962,3.1138439051269637,3.1138439051269637,13,0,0,0,,True,1.6009814360934993,1.4560424676291075,144.9389684643918,160.49856781108306,0.21078104138851805,볼라드 전신주 정면 충돌,accident,30,73.6,7.74,1309,1.571
real_data,C9,1,6.0,6001,5998,3,0.9997420195659856,1.0825512644374236,15.929191435703927,1053.4146359110907,5.092024436530592,5.577711317308427,5.103773965929459,0.027535056066193993,0.09812118571767439,2.5161428444430953,2.595519054958206,2.595519054958206,2,0,0,0,,True,1.1429562726973805,0.9974612515603442,145.4950211370364,162.60189751255837,0.1007002334111371,저속 균형 상실 전도,boundary,5,17.4,5.62,1050,1.115
real_data,C9,2,6.0,6001,5997,4,0.9999980616119952,1.079409411237231,16.20572318542295,1051.3415199979615,5.655556317887303,5.66233716946261,5.663960402016958,0.02770412832791172,0.29294577533464095,2.3063425072170105,2.4032822976877717,2.4032822976877717,3,0,0,0,,True,1.1430079921089886,0.9978949973561816,145.11299475280703,157.05685200570662,0.12572953143238286,저속 균형 상실 전도,boundary,5,17.4,5.62,1050,1.115
real_data,C9,3,6.0,6001,5992,9,1.0000131157239522,1.0832592135513688,15.513391378153685,1052.500114808366,5.183043917575546,5.2678025232086965,5.194847126135012,0.03798787157277989,0.10145055691872007,2.4052971737200437,2.5172677751825616,2.5172677751825616,2,0,0,0,,True,1.1430583974877455,0.9974857715789495,145.57262590879606,159.07802568329365,0.2506675567423231,저속 균형 상실 전도,boundary,5,17.4,5.62,1050,1.115
real_data,C9,4,6.0,6001,5991,10,1.000600848330313,1.0833743577819985,15.845797991389302,1034.5121987159398,4.556777970597059,5.167523546178803,4.57247824421625,0.025270476273462274,0.24929956473246487,2.1894482541412685,2.313863466276534,2.313863466276534,3,0,0,0,,True,1.1439747415495243,0.9979722708334539,146.00247071607043,160.40427868200734,0.23618761475546657,저속 균형 상실 전도,boundary,5,17.4,5.62,1050,1.115
real_data,C9,5,6.0,6001,5993,8,0.9995953455141926,1.0826095608899955,15.69482990774278,1067.5609930233984,5.588998191172325,5.62673585905699,5.607790743906993,0.03507186731090101,0.19827686469202785,2.4257872443342308,2.565864377975512,2.565864377975512,2,0,0,0,,True,1.1410241361503435,0.9954366249055558,145.58751124478763,159.38673379856138,0.1693642583013516,저속 균형 상실 전도,boundary,5,17.4,5.62,1050,1.115
real_data,D1,1,6.0,6001,5994,7,0.9996993979657365,1.0850234171187534,1.0344468475006123,1.5280444007489842,0.019851377102608876,0.009971703393022481,0.020154677363510995,0.01641811620053751,0.2774965873782505,0.34256785977342474,0.5186971253376388,0.4891424343080002,0,0,0,0,,False,,2.3475603894636596,,,0.1971971971971972,정속 직진,normal,30,1.0,0.01,1,
real_data,D1,2,6.0,6001,5995,6,1.0002669341042658,1.083167639553464,1.0132227731506067,1.7598621572758308,0.011701994844983339,0.009384459043988746,0.01771969916419027,0.005914829631541468,0.5047482353277233,0.5953762124426305,1.2808116569372607,0.8063534815908509,0,0,0,0,,False,,2.3513757630148397,,,0.14879065888240195,정속 직진,normal,30,1.0,0.01,1,
real_data,D1,3,6.0,6001,5993,8,1.0002057038112078,1.0865540002649265,1.0176996023115288,1.488604343382159,0.009446635030733922,0.009943717146801702,0.013747074441545869,0.0038989631171243953,0.3215563290953133,0.398469662897611,1.1385352317029263,0.66126421555572,0,0,0,0,,False,,2.349989589819279,,,0.18521608543300516,정속 직진,normal,30,1.0,0.01,1,
real_data,D1,4,6.0,6001,5992,9,1.0000328795438662,1.0857364589613951,1.0169529376323216,1.529260512681031,0.0084844240220828,0.010319073602687509,0.012057759131133832,0.0046464864239322,0.12478940379518706,0.1646001200752778,1.2570273694631586,0.6421987300113853,0,0,0,0,,False,,2.3530438108849525,,,0.21328437917222964,정속 직진,normal,30,1.0,0.01,1,
real_data,D1,5,6.0,6001,5996,5,1.0001581968115403,1.0830287084245118,1.0337731676377007,1.5557744905089115,0.022138338437396075,0.009879223485544793,0.029594469812343913,0.01887361963324255,0.17918008939032998,0.2279100996583452,0.5632902352076934,0.5632902352076934,0,0,0,0,,False,,2.354110121320776,,,0.15060040026684451,정속 직진,normal,30,1.0,0.01,1,
real_data,D2,1,6.0,6001,5993,8,1.0000883852543385,1.0815273524844748,1.5073758614766428,100.06121713381772,0.7181659688155086,0.7277909138457516,0.7355166915944287,0.007229635767009588,0.12477527724732107,0.18053443427120897,1.2598189270642068,1.2598189270642068,0,0,0,0,,False,,2.3501175539198185,,,0.20340397129984977,방지턱 통과,normal,20,1.5,0.76,101,
real_data,D2,2,6.0,6001,6000,1,1.0002082264948253,1.0829219017122182,1.5163853891029524,104.635603207778,0.7415273649293423,0.752350056435856,0.7542496511666358,0.006435103345292454,0.09272127265239141,0.43206023891210066,1.1643457769627077,1.1643457769627077,0,0,0,0,,False,,2.35339984494771,,,0.05016666666666669,방지턱 통과,normal,20,1.5,0.76,101,
real_data,D2,3,6.0,6001,5992,9,1.0004095693045834,1.082052766704622,1.5292483111352404,99.45230368328306,0.8059622579889739,0.8196749630509031,0.816417446719086,0.009929950127774846,0.16098327480540095,0.24160896149308542,1.1509580919625775,1.1509580919625775,0,0,0,0,,False,,2.3507913739754684,,,0.22746995994659547,방지턱 통과,normal,20,1.5,0.76,101,
real_data,D2,4,6.0,6001,5993,8,1.000104593375406,1.0866710140256286,1.491441550219229,100.36639080554482,0.7310413320750249,0.7552844546162475,0.7414381024448448,0.027208402060334307,0.0946122128085639,0.24408526441854406,2.09529037030591,1.5141331817827646,0,0,0,0,,False,,2.349786811192095,,,0.22593025196062078,방지턱 통과,normal,20,1.5,0.76,101,
real_data,D2,5,6.0,6001,5994,7,1.0003605103244828,1.0835995108073782,1.529826222442936,101.58545735363198,0.7230425608036967,0.7255406707820351,0.7367294026047967,0.008535231582884256,0.14325397428765463,0.2396594819113318,1.1253930116143505,1.1253930116143505,0,0,0,0,,False,,2.3477560520751046,,,0.16800133466800138,방지턱 통과,normal,20,1.5,0.76,101,
real_data,D3,1,6.0,6001,5995,6,1.000231643309757,1.0815008116175637,2.5396362126023977,101.95532215458617,1.6574898926366621,1.664648103700517,1.6654241489307744,0.01821612947722845,0.04693717544249061,0.20808903031118575,2.746062484381798,1.470178978079142,0,0,0,0,,False,,2.3499769289683163,,,0.17597998331943288,방지턱 과속 통과,normal,40,2.5,1.61,108,
real_data,D3,2,6.0,6001,5992,9,1.0000103075893385,1.085501655855281,2.425944643768088,107.4391801167167,1.4835818906906768,1.4892559566909,1.500575865736971,0.01037576466976402,0.09414489842075945,0.15004915268684726,1.2289047013426522,1.2289047013426522,0,0,0,0,,False,,2.3488574679569574,,,0.22479973297730305,방지턱 과속 통과,normal,40,2.5,1.61,108,
real_data,D3,3,6.0,6001,5994,7,1.0005608030805302,1.0827831358562887,2.469940574487128,112.74393541663437,1.6439548528047192,1.6643008321833739,1.6594022349047823,0.011256524153292709,0.057646063854129764,0.3249368218024813,1.1940570663435097,1.1940570663435097,0,0,0,0,,False,,2.351633557714536,,,0.19169169169169165,방지턱 과속 통과,normal,40,2.5,1.61,108,
real_data,D3,4,6.0,6001,5998,3,0.9997061970992149,1.0822800319602788,2.4250681838055517,108.35383010541341,1.4758171285172237,1.4874151886181084,1.499584284607506,0.02334010688312011,0.3964889367108742,0.69955394907646,1.6313997171875365,1.6313997171875365,0,0,0,0,,False,,2.3496563187146706,,,0.10036678892964324,방지턱 과속 통과,normal,40,2.5,1.61,108,
real_data,D3,5,6.0,6001,5997,4,0.9999278760465802,1.0831184301497598,2.479096280763055,106.22001974060368,1.5310630970780033,1.5420466000865558,1.5402356218516517,0.014546772622007719,0.04015048984221144,0.18260409899255592,0.9266522211399986,0.9266522211399986,0,0,0,0,,False,,2.349540349829097,,,0.12539603134900779,방지턱 과속 통과,normal,40,2.5,1.61,108,
real_data,D4,1,6.0,6001,5997,4,1.0002949963658914,1.082470777133121,1.8696368763500464,159.20741048656313,1.8656279431116964,1.909623835936337,1.9080255609100547,0.024074407176966236,0.2635085426973143,0.6136920002652744,2.906265863827398,2.906265863827398,0,0,0,0,,False,,2.349214544176384,,,0.12556278139069532,ABS 급제동,normal,40,1.8,1.8,162,
real_data,D4,2,6.0,6001,5994,7,1.00007104149602,1.0844195265191914,1.8439869485960054,164.81758073606915,0.5873622682716315,1.7846574127151744,0.61263306625313,0.015635674746204923,0.16821064921676412,0.2174458799115655,3.0285121570306104,3.0285121570306104,0,0,0,0,,False,,2.3497691397691574,,,0.16666666666666663,ABS 급제동,normal,40,1.8,1.8,162,
real_data,D4,3,6.0,6001,5996,5,1.0001763695104415,1.083535925012438,1.827371751848801,161.5854809019379,1.7472279707473928,1.7852628619098807,1.7899365437744514,0.021074783721968592,0.08272542800568398,0.21057685706864504,2.8140761218917065,2.8140761218917065,0,0,0,0,,False,,2.348049746397413,,,0.15093395597064707,ABS 급제동,normal,40,1.8,1.8,162,
real_data,D4,4,6.0,6001,5991,10,0.9998459470721421,1.08638766497954,1.8382233370223766,165.48781611158006,1.7966708006312082,1.8118064490615489,1.8415955445956267,0.021540406585389603,0.05052439958927147,0.3483746971423045,3.010237721873607,3.010237721873607,0,0,0,0,,False,,2.348132606284692,,,0.22400267067267565,ABS 급제동,normal,40,1.8,1.8,162,
real_data,D4,5,6.0,6001,5990,11,0.9998548715786093,1.0840196248433642,1.8394973331565843,162.13536172138237,1.7321440250655318,1.7931365244470248,1.7674136099050275,0.029482516296383744,0.1779437575602494,0.2739106789504433,2.705237738056596,2.705237738056596,0,0,0,0,,False,,2.3519213616005925,,,0.2747913188647746,ABS 급제동,normal,40,1.8,1.8,162,
real_data,D5,1,9.0,9001,8994,7,0.9996518021837542,1.0836912842601265,1.0781543008996726,28.352806176540508,0.22731382180274035,0.5803932842712772,0.5740835905342191,0.35219956788332873,15.275126896328018,19.781505337533503,23.41851878736441,18.455872678039103,0,0,0,0,,False,,2.35,,,0.10662663998221034,정상 선회,normal,30,1.1,0.57,31,
real_data,D5,2,9.0,9001,8994,7,1.0003092197541363,1.084745107633367,1.093315474162742,27.272052949859507,0.22596590623548296,0.5588095931745712,0.57462468541495,0.3195376566457873,15.311468380653574,19.757824268421246,22.89850456628231,18.38648040582393,0,0,0,0,,False,,2.35,,,0.11741160773849235,정상 선회,normal,30,1.1,0.57,31,
real_data,D5,3,9.0,9001,8992,9,0.9996611479827777,1.0887443377376296,1.096791425602158,27.362359022116596,0.23375518281668126,0.5557240716194487,0.5643630019013642,0.3280316285176527,14.726502527217948,19.109856738914146,21.352201667651055,17.704207166062183,0,0,0,0,,False,,2.35,,,0.1579181494661922,정상 선회,normal,30,1.1,0.57,31,
real_data,D5,4,9.0,9001,8994,7,0.9999185291125201,1.0840553756497506,1.1108506824677264,27.45514431640927,0.24080416573208924,0.5565012296005828,0.5693085624651592,0.3134909329165546,14.682874062729883,19.050689938223854,21.945848399915906,17.71411107628365,0,0,0,0,,False,,2.35,,,0.12797420502557255,정상 선회,normal,30,1.1,0.57,31,
real_data,D5,5,9.0,9001,8993,8,0.9999246250926852,1.0829226049460383,1.1006107412147894,27.48377110229907,0.23951462159266998,0.5606088233092696,0.5750691193122831,0.3185132510928466,14.925194617659775,19.358779422056983,22.414939693037972,17.997511822283116,0,0,0,0,,False,,2.35,,,0.13165795618814635,정상 선회,normal,30,1.1,0.57,31,
real_data,D6,1,6.0,6001,5993,8,1.0001994010777615,1.0859644131579849,3.4952996572191206,312.4390362902456,2.2602468967674394,2.419336254737254,2.2750244625326155,0.017325765603386244,0.11350893512809603,0.658217412988563,1.2555225419982408,1.2555225419982408,0,0,0,0,,False,,2.3501166207568867,,,0.2155848489904889,연석 오르내리기,normal,10,3.5,2.39,314,
real_data,D6,2,6.0,6001,6001,0,1.0002906888962881,1.0790898522326131,3.448701951569146,314.2076247318313,2.2576531469616308,2.272741333252877,2.275608360577625,0.01438537771796542,0.04016187611463346,0.7441495797913831,1.2217809139944913,1.2217809139944913,0,0,0,0,,False,,2.3501973061054,,,0.02516247292117979,연석 오르내리기,normal,10,3.5,2.39,314,
real_data,D6,3,6.0,6001,5996,5,1.0004189639625238,1.082233932808623,3.491217834892662,298.7805375808819,2.401486895458995,2.4108185001600635,2.4104821567040418,0.01824956440621342,0.10061039192374292,0.45308483646186914,1.1985491473214336,0.9660236300806709,0,0,0,0,,False,,2.348119850473616,,,0.15076717811874585,연석 오르내리기,normal,10,3.5,2.39,314,
real_data,D6,4,6.0,6001,5997,4,1.0002812957282392,1.0848011308860372,3.5168041032146746,309.6956141737069,2.4909147625272685,2.5088007716350447,2.502924367208532,0.011935152431167663,0.14136782014004662,0.8519796547296892,1.0162553807485952,1.0162553807485952,0,0,0,0,,False,,2.3489760698472404,,,0.10088377522094383,연석 오르내리기,normal,10,3.5,2.39,314,
real_data,D6,5,6.0,6001,5996,5,0.9995393403261499,1.0825647966461995,3.577587803656836,305.6707803613007,2.4535906069562614,2.469929721379965,2.4545520153553033,0.013873695831494922,0.11841317448756464,0.5051153981914354,0.5915090019968821,0.5915090019968821,0,0,0,0,,False,,2.349983586057934,,,0.12841894596397596,연석 오르내리기,normal,10,3.5,2.39,314,
real_data,D7,1,6.0,6001,5998,3,0.9998510879372091,1.0816827776679006,2.6111896167163007,70.54986085982644,0.4235670401572202,0.42839934102488825,0.4230160551600925,0.010616957932342186,0.341361684762112,0.538898288048415,0.5394623001567973,0.5394623001567973,0,0,0,0,,False,,2.3527073977248403,,,0.10053351117039011,요철 노면 연속 주행,normal,30,2.7,0.44,70,
real_data,D7,2,6.0,6001,5992,9,1.0001401792099074,1.0843448959711788,2.743567312497648,70.55049326504043,0.48802153948083554,0.48138369946265336,0.4831141723346468,0.028968167465672382,0.18935852166740152,0.27809589112388267,0.7357123378377496,0.4429190433691481,0,0,0,0,,False,,2.3489239749837107,,,0.2513351134846462,요철 노면 연속 주행,normal,30,2.7,0.44,70,
real_data,D7,3,6.0,6001,5991,10,0.9996058952639331,1.0857567926466236,2.631214007496163,70.48899167707118,0.4547409562371012,0.452782145060264,0.4523839704999317,0.007270171944485866,0.033737677175554134,0.19531583238341454,0.46573125431056317,0.23032869327388567,0,0,0,0,,False,,2.3453730106624917,,,0.23602069771323653,요철 노면 연속 주행,normal,30,2.7,0.44,70,
real_data,D7,4,6.0,6001,5996,5,0.9997713070225567,1.082768494555686,2.7720751357911784,68.2944522854417,0.4518881930514886,0.45755101501005757,0.45691838532207474,0.008215084914349843,0.22738708696930665,0.280076987848787,1.0986016642925678,0.6497742149146563,0,0,0,0,,False,,2.347439035678773,,,0.15060040026684451,요철 노면 연속 주행,normal,30,2.7,0.44,70,
real_data,D7,5,6.0,6001,5992,9,0.9993589485630672,1.0826057904074204,2.590135928972493,70.4879367455936,0.4274192883887065,0.42652613350590074,0.43336046794020855,0.009851119227318574,0.10641477730238896,0.14033411057695844,0.2764250855646832,0.2764250855646832,0,0,0,0,,False,,2.3538711075984833,,,0.22696929238985308,요철 노면 연속 주행,normal,30,2.7,0.44,70,
real_data,D8,1,6.0,6001,5995,6,1.0000912053125255,1.0825434022344038,1.2252620922675788,82.50004506695723,0.7424481779272589,0.7948930569431754,0.7812498156146802,0.03658495944765994,0.027635428022351992,0.15935869688772186,4.697513531469929,3.1506432536407245,0,0,0,0,,False,,2.351376138132891,,,0.13427856547122607,가감속 반복,normal,30,1.2,0.81,84,
real_data,D8,2,6.0,6001,5993,8,0.9998886901823878,1.082737378530716,1.2409942461813332,86.52527114146197,0.7715410174069018,0.8279351839729334,0.8331048592130902,0.03755288989215973,0.12651830437508174,0.32576102267825036,4.185644698224038,3.995104766093933,0,0,0,0,,False,,2.3506714773849597,,,0.20824295010845983,가감속 반복,normal,30,1.2,0.81,84,
real_data,D8,3,6.0,6001,5995,6,0.9998992834254761,1.083125384749237,1.2204676530701466,85.3672473753824,0.746121072439639,0.8036714734494814,0.7936326715501395,0.04061761432966322,0.035034317985780786,0.18876189665584775,4.56332974135793,3.544464050975366,0,0,0,0,,False,,2.353150600577498,,,0.16063386155129278,가감속 반복,normal,30,1.2,0.81,84,
real_data,D8,4,6.0,6001,5996,5,1.0004046638076858,1.0852738833883713,1.1806145871431728,84.8171827601824,0.6945475272457511,0.7775145457363097,0.7907403730933414,0.05822543257781499,0.26415368738191874,0.42826947384492087,6.478827667244117,6.478827667244117,0,0,0,0,,False,,2.349053358534782,,,0.13342228152101399,가감속 반복,normal,30,1.2,0.81,84,
real_data,D8,5,6.0,6001,5997,4,1.0007582479154564,1.0832869618155216,1.2010751080496138,86.0984462401804,0.6836353902702679,0.7338790137177296,0.7258090906016175,0.03602877112593042,0.4337157427600477,0.5212831868078069,4.3322185534612565,3.3783906962206616,0,0,0,0,,False,,2.353150100753528,,,0.10338502584625642,가감속 반복,normal,30,1.2,0.81,84,
real_data,D9,1,6.0,6001,5996,5,0.999985047679175,1.0818029167350665,1.0604687516187312,64.57420713602055,0.2964887022405184,0.406421976709639,0.40450894057865056,0.05583911113659265,0.04108635077230253,0.11650348205006367,6.69980728618677,6.69980728618677,0,0,0,0,,False,,2.3483854293936566,,,0.1504336224149433,저속 유턴,normal,10,1.0,0.41,67,
real_data,D9,2,6.0,6001,5998,3,1.0002303941996082,1.082067696735951,1.0470319032517594,68.47571835015172,0.3285974814660575,0.41620476358729364,0.4228610310293758,0.04426062857897042,0.4970178030465966,0.7374534442636786,6.012102737203046,6.012102737203046,0,0,0,0,,False,,2.350242869355584,,,0.08502834278092697,저속 유턴,normal,10,1.0,0.41,67,
real_data,D9,3,6.0,6001,5997,4,1.0001993388260022,1.0833167708090952,1.052369572946384,68.53758896062362,0.3320697270479843,0.3973639809318964,0.3906443511955259,0.0318898257617109,0.17225698151379348,0.22233821120653374,4.073506548325655,4.073506548325655,0,0,0,0,,False,,2.3495350564648714,,,0.12539603134900779,저속 유턴,normal,10,1.0,0.41,67,
real_data,D9,4,6.0,6001,5996,5,0.9996696891099999,1.0802307919986731,1.0745796845694506,68.11022010017287,0.36581887675349983,0.43953384526397965,0.4438807010050209,0.04077404688456257,0.17092011922332945,0.21813092909107468,5.1748905759707515,5.1748905759707515,0,0,0,0,,False,,2.352336838393947,,,0.15060040026684451,저속 유턴,normal,10,1.0,0.41,67,
real_data,D9,5,6.0,6001,5993,8,1.0005506974579692,1.0829980598035107,1.0543195294507612,70.00013278648068,0.329403060804354,0.4139119055276619,0.4256311074716779,0.04448769878648792,0.28019741868496995,0.3636492399945723,5.953493111601961,5.953493111601961,0,0,0,0,,False,,2.3534740557413207,,,0.20156849657934262,저속 유턴,normal,10,1.0,0.41,67,
