scenario,name,class,sim_speed_kmh,sim_peak_g,sim_dv_true_mps,sim_peak_dps,sim_candidate_s
A1,정지 승용차 측면 직각 충돌,accident,48,203.7,15.02,1437,1.55
A2,주행 승용차 측면 직각 충돌,accident,48,200.8,13.83,1520,1.56
A3,주행 승용차 측면 45도 충돌,accident,48,143.5,10.44,1016,1.561
A4,주행 승용차 측면 135도 충돌,accident,48,240.8,13.28,2755,1.55
A5,승용차와 사선 정면충돌,accident,48,133.9,13.88,1872,1.536
A6,정지 이륜차 측면 피충돌,accident,0,131.1,9.25,1386,1.528
A7,전면 모서리 오프셋 충돌,accident,48,28.5,10.59,1595,1.554
B1,좌회전 차량 진로 차단,accident,40,145.6,12.06,1710,1.565
B2,정차 차량 후미 추돌,accident,30,56.8,7.5,1075,1.571
B3,신호 대기 중 후방 피추돌,accident,0,22.1,6.86,1003,1.526
B4,주차 차량 도어링,accident,30,85.1,7.96,1469,1.545
B5,차로 변경 차량 측면 스침,boundary,30,1.9,0.83,136,
C1,저마찰 패치 로우사이드,accident,30,47.1,7.7,1360,3.981
C2,커브 과속 발판 접지 전도,accident,40,44.2,6.46,1497,1.932
C3,젖은 노면 제동 앞바퀴 잠김,accident,40,60.2,8.47,1650,2.433
C4,선회 중 급제동,accident,30,25.7,4.96,1241,4.279
C5,하이사이드 시도 미재현,unrealized,30,2.2,1.2,277,
C6,연석 비스듬히 충돌,accident,25,51.6,7.65,1547,1.722
C7,볼라드 전신주 정면 충돌,accident,30,73.6,7.74,1309,1.571
C9,저속 균형 상실 전도,boundary,5,17.4,5.62,1050,1.115
D1,정속 직진,normal,30,1.0,0.01,1,
D2,방지턱 통과,normal,20,1.5,0.76,101,
D3,방지턱 과속 통과,normal,40,2.5,1.61,108,
D4,ABS 급제동,normal,40,1.8,1.8,162,
D5,정상 선회,normal,30,1.1,0.57,31,
D6,연석 오르내리기,normal,10,3.5,2.39,314,
D7,요철 노면 연속 주행,normal,30,2.7,0.44,70,
D8,가감속 반복,normal,30,1.2,0.81,84,
D9,저속 유턴,normal,10,1.0,0.41,67,
